// AUTO-GENERATED by scripts/compile-gpugemv-shader.sh — do not edit.
// Source: shaders/gpugemv_q4k_wave32.hlsl (cs_6_0 CSMain)
#pragma once
#include <cstddef>
#include <cstdint>
// 16700 bytes DXIL
// clang-format off
static const uint8_t kGpugemvQ4kWave32Dxil[] = {
    0x44, 0x58, 0x42, 0x43, 0x20, 0xf8, 0x2c, 0xec, 0x12, 0xdd, 0x56, 0x59,
    0x73, 0x87, 0xd7, 0x8e, 0xa3, 0xad, 0xd9, 0x8a, 0x01, 0x00, 0x00, 0x00,
    0x3c, 0x41, 0x00, 0x00, 0x07, 0x00, 0x00, 0x00, 0x3c, 0x00, 0x00, 0x00,
    0x4c, 0x00, 0x00, 0x00, 0x5c, 0x00, 0x00, 0x00, 0x6c, 0x00, 0x00, 0x00,
    0x24, 0x01, 0x00, 0x00, 0x74, 0x09, 0x00, 0x00, 0x90, 0x09, 0x00, 0x00,
    0x53, 0x46, 0x49, 0x30, 0x08, 0x00, 0x00, 0x00, 0x00, 0x00, 0x00, 0x00,
    0x00, 0x00, 0x00, 0x00, 0x49, 0x53, 0x47, 0x31, 0x08, 0x00, 0x00, 0x00,
    0x00, 0x00, 0x00, 0x00, 0x08, 0x00, 0x00, 0x00, 0x4f, 0x53, 0x47, 0x31,
    0x08, 0x00, 0x00, 0x00, 0x00, 0x00, 0x00, 0x00, 0x08, 0x00, 0x00, 0x00,
    0x50, 0x53, 0x56, 0x30, 0xb0, 0x00, 0x00, 0x00, 0x34, 0x00, 0x00, 0x00,
    0x00, 0x00, 0x00, 0x00, 0x00, 0x00, 0x00, 0x00, 0x00, 0x00, 0x00, 0x00,
    0x00, 0x00, 0x00, 0x00, 0x00, 0x00, 0x00, 0x00, 0xff, 0xff, 0xff, 0xff,
    0x05, 0x00, 0x00, 0x00, 0x00, 0x00, 0x00, 0x00, 0x00, 0x00, 0x00, 0x00,
    0x20, 0x00, 0x00, 0x00, 0x01, 0x00, 0x00, 0x00, 0x01, 0x00, 0x00, 0x00,
    0x01, 0x00, 0x00, 0x00, 0x04, 0x00, 0x00, 0x00, 0x18, 0x00, 0x00, 0x00,
    0x02, 0x00, 0x00, 0x00, 0x00, 0x00, 0x00, 0x00, 0x00, 0x00, 0x00, 0x00,
    0x00, 0x00, 0x00, 0x00, 0x0d, 0x00, 0x00, 0x00, 0x00, 0x00, 0x00, 0x00,
    0x04, 0x00, 0x00, 0x00, 0x00, 0x00, 0x00, 0x00, 0x00, 0x00, 0x00, 0x00,
    0x00, 0x00, 0x00, 0x00, 0x0b, 0x00, 0x00, 0x00, 0x00, 0x00, 0x00, 0x00,
    0x04, 0x00, 0x00, 0x00, 0x00, 0x00, 0x00, 0x00, 0x01, 0x00, 0x00, 0x00,
    0x01, 0x00, 0x00, 0x00, 0x0b, 0x00, 0x00, 0x00, 0x00, 0x00, 0x00, 0x00,
    0x08, 0x00, 0x00, 0x00, 0x00, 0x00, 0x00, 0x00, 0x00, 0x00, 0x00, 0x00,
    0x00, 0x00, 0x00, 0x00, 0x0c, 0x00, 0x00, 0x00, 0x00, 0x00, 0x00, 0x00,
    0x08, 0x00, 0x00, 0x00, 0x00, 0x43, 0x53, 0x4d, 0x61, 0x69, 0x6e, 0x00,
    0x00, 0x00, 0x00, 0x00, 0x53, 0x54, 0x41, 0x54, 0x48, 0x08, 0x00, 0x00,
    0x60, 0x00, 0x05, 0x00, 0x12, 0x02, 0x00, 0x00, 0x44, 0x58, 0x49, 0x4c,
    0x00, 0x01, 0x00, 0x00, 0x10, 0x00, 0x00, 0x00, 0x30, 0x08, 0x00, 0x00,
    0x42, 0x43, 0xc0, 0xde, 0x21, 0x0c, 0x00, 0x00, 0x09, 0x02, 0x00, 0x00,
    0x0b, 0x82, 0x20, 0x00, 0x02, 0x00, 0x00, 0x00, 0x13, 0x00, 0x00, 0x00,
    0x07, 0x81, 0x23, 0x91, 0x41, 0xc8, 0x04, 0x49, 0x06, 0x10, 0x32, 0x39,
    0x92, 0x01, 0x84, 0x0c, 0x25, 0x05, 0x08, 0x19, 0x1e, 0x04, 0x8b, 0x62,
    0x80, 0x18, 0x45, 0x02, 0x42, 0x92, 0x0b, 0x42, 0xc4, 0x10, 0x32, 0x14,
    0x38, 0x08, 0x18, 0x4b, 0x0a, 0x32, 0x62, 0x88, 0x48, 0x90, 0x14, 0x20,
    0x43, 0x46, 0x88, 0xa5, 0x00, 0x19, 0x32, 0x42, 0xe4, 0x48, 0x0e, 0x90,
    0x11, 0x23, 0xc4, 0x50, 0x41, 0x51, 0x81, 0x8c, 0xe1, 0x83, 0xe5, 0x8a,
    0x04, 0x31, 0x46, 0x06, 0x51, 0x18, 0x00, 0x00, 0x0b, 0x00, 0x00, 0x00,
    0x1b, 0x8c, 0xe0, 0xff, 0xff, 0xff, 0xff, 0x07, 0x40, 0x02, 0xa8, 0x0d,
    0x86, 0xf0, 0xff, 0xff, 0xff, 0xff, 0x03, 0xc0, 0x00, 0xd2, 0x06, 0x63,
    0xf8, 0xff, 0xff, 0xff, 0xff, 0x01, 0x90, 0x80, 0x6a, 0x03, 0x41, 0xfc,
    0xff, 0xff, 0xff, 0xff, 0x00, 0x48, 0x00, 0x00, 0x49, 0x18, 0x00, 0x00,
    0x03, 0x00, 0x00, 0x00, 0x13, 0x82, 0x60, 0x42, 0x20, 0x4c, 0x08, 0x86,
    0x09, 0x01, 0x01, 0x00, 0x89, 0x20, 0x00, 0x00, 0x45, 0x00, 0x00, 0x00,
    0x32, 0x22, 0x88, 0x09, 0x20, 0x64, 0x85, 0x04, 0x13, 0x23, 0xa4, 0x84,
    0x04, 0x13, 0x23, 0xe3, 0x84, 0xa1, 0x90, 0x14, 0x12, 0x4c, 0x8c, 0x8c,
    0x0b, 0x84, 0xc4, 0x4c, 0x10, 0xac, 0xc1, 0x0c, 0x40, 0x82, 0x00, 0x83,
    0x08, 0xc1, 0x30, 0x47, 0x00, 0x06, 0x09, 0x98, 0x30, 0x0c, 0x22, 0x10,
    0xc3, 0x08, 0x40, 0x09, 0x0c, 0x3a, 0x8a, 0x30, 0x0c, 0x94, 0x94, 0x61,
    0x18, 0x06, 0x5a, 0x0a, 0x31, 0x0c, 0xc3, 0x40, 0x4d, 0x19, 0x8c, 0x61,
    0xa0, 0xa7, 0x0c, 0xc0, 0x30, 0x50, 0x54, 0x14, 0x60, 0x00, 0x00, 0x00,
    0x00, 0x00, 0x00, 0xa0, 0xe9, 0xa8, 0xe1, 0xf2, 0x27, 0xec, 0x21, 0x24,
    0x9f, 0xdb, 0xa8, 0x62, 0x25, 0x26, 0x1f, 0xb9, 0x6d, 0x44, 0x0c, 0xc3,
    0x30, 0xcc, 0x11, 0x20, 0x64, 0xdd, 0x33, 0x5c, 0xfe, 0x84, 0x3d, 0x84,
    0xe4, 0x87, 0x40, 0x33, 0x2c, 0x04, 0x0a, 0xae, 0x42, 0x54, 0x03, 0x36,
    0x50, 0x36, 0x47, 0x10, 0x14, 0x03, 0x1b, 0xac, 0x61, 0xd8, 0x88, 0xbb,
    0x69, 0xb8, 0xfc, 0x09, 0x7b, 0x08, 0xc9, 0x5f, 0x09, 0x69, 0x25, 0x26,
    0x1f, 0xb9, 0x6d, 0x54, 0x0c, 0xc3, 0x30, 0x0c, 0xa5, 0xf0, 0x06, 0x6c,
    0x18, 0xe8, 0x2b, 0x8a, 0x31, 0x60, 0xc3, 0x00, 0x00, 0x00, 0x60, 0x51,
    0x38, 0x10, 0x70, 0x98, 0x34, 0x45, 0x94, 0x30, 0xf9, 0x1b, 0x36, 0x11,
    0xda, 0x30, 0x44, 0x84, 0x24, 0x6d, 0x54, 0x51, 0x10, 0x11, 0x0a, 0x06,
    0x22, 0x67, 0xfa, 0xc6, 0x81, 0x1d, 0xc2, 0x61, 0x1e, 0xe6, 0xc1, 0x0d,
    0x64, 0xe1, 0x16, 0x66, 0x81, 0x1e, 0xe4, 0xa1, 0x1e, 0xc6, 0x81, 0x1e,
    0xea, 0x41, 0x1e, 0xca, 0x81, 0x1c, 0x44, 0xa1, 0x1e, 0xcc, 0xc1, 0x1c,
    0xca, 0x41, 0x1e, 0xf8, 0xc0, 0x1c, 0xd8, 0xe1, 0x1d, 0xc2, 0x81, 0x1e,
    0xfc, 0x00, 0x05, 0x00, 0x99, 0x67, 0xa4, 0x40, 0x04, 0x30, 0x12, 0x22,
    0x86, 0x61, 0x18, 0x08, 0x9d, 0x23, 0x00, 0x05, 0x00, 0x00, 0x00, 0x00,
    0x13, 0x14, 0x72, 0xc0, 0x87, 0x74, 0x60, 0x87, 0x36, 0x68, 0x87, 0x79,
    0x68, 0x03, 0x72, 0xc0, 0x87, 0x0d, 0xaf, 0x50, 0x0e, 0x6d, 0xd0, 0x0e,
    0x7a, 0x50, 0x0e, 0x6d, 0x00, 0x0f, 0x7a, 0x30, 0x07, 0x72, 0xa0, 0x07,
    0x73, 0x20, 0x07, 0x6d, 0x90, 0x0e, 0x71, 0xa0, 0x07, 0x73, 0x20, 0x07,
    0x6d, 0x90, 0x0e, 0x78, 0xa0, 0x07, 0x73, 0x20, 0x07, 0x6d, 0x90, 0x0e,
    0x71, 0x60, 0x07, 0x7a, 0x30, 0x07, 0x72, 0xd0, 0x06, 0xe9, 0x30, 0x07,
    0x72, 0xa0, 0x07, 0x73, 0x20, 0x07, 0x6d, 0x90, 0x0e, 0x76, 0x40, 0x07,
    0x7a, 0x60, 0x07, 0x74, 0xd0, 0x06, 0xe6, 0x10, 0x07, 0x76, 0xa0, 0x07,
    0x73, 0x20, 0x07, 0x6d, 0x60, 0x0e, 0x73, 0x20, 0x07, 0x7a, 0x30, 0x07,
    0x72, 0xd0, 0x06, 0xe6, 0x60, 0x07, 0x74, 0xa0, 0x07, 0x76, 0x40, 0x07,
    0x6d, 0xe0, 0x0e, 0x78, 0xa0, 0x07, 0x71, 0x60, 0x07, 0x7a, 0x30, 0x07,
    0x72, 0xa0, 0x07, 0x76, 0x40, 0x07, 0x3a, 0x0f, 0x64, 0x90, 0x21, 0x23,
    0x45, 0x44, 0x00, 0xc6, 0x01, 0xc0, 0xa4, 0x63, 0x06, 0xe0, 0x21, 0xcf,
    0x01, 0x04, 0x00, 0x00, 0x00, 0x00, 0x00, 0x00, 0x00, 0x00, 0x00, 0x43,
    0x9e, 0x04, 0x08, 0x80, 0x00, 0x00, 0x00, 0x00, 0x00, 0x00, 0x00, 0x00,
    0x86, 0x3c, 0x0b, 0x10, 0x00, 0x01, 0x00, 0x00, 0x00, 0x00, 0x00, 0x00,
    0x00, 0x0c, 0x79, 0x1a, 0x20, 0x00, 0x02, 0x00, 0x00, 0x00, 0x00, 0x00,
    0x00, 0x00, 0x18, 0xf2, 0x3c, 0x40, 0x00, 0x08, 0x00, 0x00, 0x00, 0x00,
    0x00, 0x00, 0x00, 0x30, 0xe4, 0x89, 0x80, 0x00, 0x08, 0x00, 0x00, 0x00,
    0x00, 0x00, 0x00, 0x00, 0x60, 0xc8, 0x33, 0x01, 0x01, 0x10, 0x00, 0x00,
    0x00, 0x00, 0x00, 0x00, 0x00, 0xc0, 0x90, 0x27, 0x03, 0x02, 0x60, 0x00,
    0x00, 0x00, 0x00, 0x00, 0x00, 0x00, 0x80, 0x21, 0x0f, 0x07, 0x04, 0xc0,
    0x00, 0x00, 0x00, 0x00, 0x00, 0x00, 0x00, 0x00, 0x43, 0x9e, 0x0f, 0x08,
    0x80, 0x01, 0x00, 0x00, 0x00, 0x00, 0x00, 0x00, 0x00, 0x86, 0x3c, 0x61,
    0x00, 0x04, 0x00, 0x01, 0x00, 0x00, 0x00, 0x00, 0x00, 0x00, 0x00, 0x59,
    0x20, 0x00, 0x00, 0x00, 0x16, 0x00, 0x00, 0x00, 0x32, 0x1e, 0x98, 0x18,
    0x19, 0x11, 0x4c, 0x90, 0x8c, 0x09, 0x26, 0x47, 0xc6, 0x04, 0x43, 0x52,
    0x0b, 0x84, 0x86, 0x12, 0x18, 0x01, 0x28, 0x86, 0xb2, 0x28, 0x8c, 0x42,
    0x28, 0x90, 0x32, 0x28, 0x87, 0x92, 0x28, 0x85, 0x82, 0x28, 0xa0, 0x02,
    0x54, 0x2a, 0xd9, 0x80, 0xc2, 0x29, 0x65, 0x87, 0xd2, 0x4c, 0x29, 0xcd,
    0x81, 0x92, 0x0c, 0x28, 0xc6, 0x04, 0xda, 0x6a, 0x60, 0x04, 0x80, 0x88,
    0x19, 0x00, 0x2a, 0x67, 0x00, 0xc8, 0x9c, 0x01, 0xa0, 0x73, 0x06, 0x80,
    0xd0, 0x19, 0x00, 0x4a, 0x67, 0x00, 0x08, 0x98, 0x01, 0x00, 0x00, 0x00,
    0x79, 0x18, 0x00, 0x00, 0xa2, 0x00, 0x00, 0x00, 0x1a, 0x03, 0x4c, 0x90,
    0x46, 0x02, 0x13, 0xc4, 0x8f, 0x0c, 0x6f, 0x0c, 0x05, 0x4e, 0x2e, 0xcd,
    0x2e, 0x8c, 0xae, 0x2c, 0x05, 0x24, 0xc6, 0x25, 0xc7, 0x05, 0xc6, 0x25,
    0x06, 0x04, 0x05, 0x86, 0x6c, 0xa6, 0xac, 0xcc, 0x46, 0xac, 0x26, 0x65,
    0x43, 0x10, 0x4c, 0x10, 0x06, 0x67, 0x82, 0x30, 0x3c, 0x1b, 0x84, 0x81,
    0xd8, 0x20, 0x10, 0x04, 0x85, 0xb1, 0xb9, 0x09, 0xc2, 0x00, 0x6d, 0x18,
    0x0e, 0x84, 0x98, 0x20, 0x94, 0x81, 0x19, 0x30, 0xb8, 0x9a, 0x20, 0x0c,
    0xd1, 0x86, 0x84, 0x50, 0x16, 0x82, 0x18, 0x18, 0x02, 0x60, 0x80, 0xb5,
    0x21, 0x19, 0x14, 0x87, 0x18, 0x06, 0x86, 0x00, 0x36, 0x08, 0xcd, 0x33,
    0x41, 0x38, 0x03, 0x34, 0x60, 0x90, 0x35, 0x41, 0x18, 0xa4, 0x09, 0xc2,
    0x46, 0x06, 0x13, 0x84, 0x61, 0xda, 0x20, 0x0c, 0xd5, 0x86, 0x85, 0x88,
    0x24, 0x82, 0x18, 0x26, 0x8a, 0xa2, 0xac, 0x0d, 0xc1, 0x35, 0x41, 0x48,
    0x03, 0x35, 0xa0, 0x01, 0x15, 0x26, 0x17, 0xd6, 0x36, 0x37, 0x41, 0x18,
    0xa8, 0x0d, 0x08, 0x91, 0x69, 0x04, 0x31, 0x6c, 0xc0, 0x86, 0x80, 0xdb,
    0x40, 0x40, 0x58, 0x07, 0x4c, 0x10, 0xcc, 0xe0, 0x0c, 0x18, 0xa0, 0x4d,
    0x10, 0x86, 0x6a, 0x82, 0x30, 0x58, 0x13, 0x84, 0xe1, 0xda, 0x60, 0x20,
    0x60, 0x10, 0x06, 0x84, 0x18, 0x8c, 0xc1, 0x04, 0x01, 0x58, 0x83, 0x0d,
    0x02, 0x51, 0x06, 0x1b, 0x02, 0x33, 0xd8, 0x20, 0x10, 0x67, 0xb0, 0x61,
    0xa8, 0xc8, 0x00, 0x0d, 0x26, 0x08, 0x68, 0x90, 0x06, 0x0c, 0xdc, 0x26,
    0x08, 0x03, 0x36, 0x41, 0xd8, 0xc6, 0x60, 0x03, 0x82, 0xac, 0x41, 0x18,
    0x10, 0x62, 0xc0, 0x06, 0x63, 0xd0, 0x06, 0x2c, 0xd6, 0xbe, 0xc8, 0xd2,
    0xda, 0x36, 0x18, 0xc8, 0x1b, 0x84, 0x41, 0x25, 0x06, 0x6c, 0x40, 0xc1,
    0x4d, 0x6c, 0x82, 0x30, 0x64, 0x1b, 0x10, 0x24, 0x0e, 0xc2, 0x40, 0x0e,
    0xc4, 0x80, 0x0d, 0xc6, 0xa0, 0x0d, 0x48, 0xc0, 0x85, 0x91, 0xc1, 0x6c,
    0x30, 0x10, 0x3a, 0x08, 0x83, 0x49, 0x0c, 0xd8, 0x60, 0x43, 0xb1, 0xb9,
    0x01, 0x1c, 0xcc, 0x41, 0x1d, 0x6c, 0x28, 0x88, 0x2f, 0x0d, 0xd4, 0xc0,
    0x0e, 0x26, 0x08, 0x88, 0xb0, 0x01, 0xd8, 0x30, 0x10, 0x79, 0x90, 0x07,
    0x1b, 0x02, 0x3d, 0xd8, 0x30, 0x0c, 0x78, 0xb0, 0x07, 0x34, 0x86, 0xa6,
    0x9a, 0xc2, 0xd2, 0xdc, 0x26, 0x08, 0x6a, 0xd0, 0x4c, 0x10, 0x06, 0x6d,
    0xc3, 0xf0, 0x07, 0xc3, 0xb0, 0x81, 0x20, 0xfc, 0xa0, 0x02, 0x85, 0x0d,
    0x05, 0x1e, 0xf4, 0x01, 0xe0, 0x85, 0x02, 0xa1, 0x30, 0x39, 0xb9, 0xb0,
    0xbc, 0x2f, 0xba, 0xb3, 0xb9, 0xb6, 0x2f, 0xb1, 0x3c, 0xba, 0xb2, 0xb9,
    0x09, 0xc2, 0xb0, 0xf1, 0x09, 0x93, 0x93, 0x0b, 0xcb, 0xfb, 0xa2, 0x3b,
    0x9b, 0x6b, 0xfb, 0x62, 0x23, 0x9b, 0xa3, 0x9b, 0x20, 0x0c, 0x1c, 0x0f,
    0xb1, 0x30, 0x39, 0xb9, 0xb4, 0x32, 0x39, 0x22, 0x62, 0x72, 0x61, 0x6e,
    0x63, 0x68, 0x65, 0x73, 0x13, 0x84, 0xa1, 0xa3, 0x61, 0xc6, 0xf6, 0x16,
    0x46, 0x37, 0x37, 0x41, 0x18, 0x3c, 0x16, 0x69, 0x6e, 0x73, 0x74, 0x73,
    0x13, 0x84, 0xe1, 0x23, 0x91, 0xe6, 0x46, 0x37, 0x37, 0x41, 0x18, 0xc0,
    0x80, 0x08, 0x5d, 0x19, 0xde, 0x17, 0xdb, 0x5b, 0x18, 0xd9, 0x04, 0x61,
    0x08, 0x03, 0x26, 0x74, 0x65, 0x78, 0x5f, 0x73, 0x74, 0x6f, 0x72, 0x65,
    0x2c, 0xea, 0xd2, 0xdc, 0xe8, 0xe6, 0x26, 0x08, 0x83, 0x18, 0x6c, 0xa0,
    0x46, 0x81, 0x14, 0x4a, 0xc1, 0x14, 0x4e, 0x41, 0x0e, 0x50, 0x21, 0x15,
    0x54, 0x61, 0x15, 0x58, 0xa1, 0x15, 0x5c, 0xe1, 0x15, 0x60, 0x21, 0x16,
    0x64, 0x61, 0x98, 0x05, 0x5a, 0xa8, 0xc2, 0xc6, 0x66, 0xd7, 0xe6, 0x92,
    0x46, 0x56, 0xe6, 0x46, 0x37, 0x25, 0x08, 0xaa, 0x90, 0xe1, 0xb9, 0xd8,
    0x95, 0xc9, 0xcd, 0xa5, 0xbd, 0xb9, 0x4d, 0x09, 0x88, 0x26, 0x64, 0x78,
    0x2e, 0x76, 0x61, 0x6c, 0x76, 0x65, 0x72, 0x53, 0x82, 0xa2, 0x0e, 0x19,
    0x9e, 0xcb, 0x1c, 0x5a, 0x18, 0x59, 0x99, 0x5c, 0xd3, 0x1b, 0x59, 0x19,
    0xdb, 0x94, 0x00, 0x29, 0x43, 0x86, 0xe7, 0x22, 0x57, 0x36, 0xf7, 0x56,
    0x27, 0x37, 0x56, 0x36, 0x37, 0x25, 0xe8, 0x2a, 0x91, 0xe1, 0xb9, 0xd0,
    0xe5, 0xc1, 0x95, 0x05, 0xb9, 0xb9, 0xbd, 0xd1, 0x85, 0xd1, 0xa5, 0xbd,
    0xb9, 0xcd, 0x4d, 0x11, 0xec, 0x60, 0x0f, 0xea, 0x90, 0xe1, 0xb9, 0x94,
    0xb9, 0xd1, 0xc9, 0xe5, 0x41, 0xbd, 0xa5, 0xb9, 0xd1, 0xcd, 0x4d, 0x09,
    0x42, 0xa1, 0x0b, 0x19, 0x9e, 0xcb, 0xd8, 0x5b, 0x9d, 0x1b, 0x5d, 0x99,
    0xdc, 0xdc, 0x94, 0x80, 0x16, 0x00, 0x00, 0x00, 0x79, 0x18, 0x00, 0x00,
    0x55, 0x00, 0x00, 0x00, 0x33, 0x08, 0x80, 0x1c, 0xc4, 0xe1, 0x1c, 0x66,
    0x14, 0x01, 0x3d, 0x88, 0x43, 0x38, 0x84, 0xc3, 0x8c, 0x42, 0x80, 0x07,
    0x79, 0x78, 0x07, 0x73, 0x98, 0x71, 0x0c, 0xe6, 0x00, 0x0f, 0xed, 0x10,
    0x0e, 0xf4, 0x80, 0x0e, 0x33, 0x0c, 0x42, 0x1e, 0xc2, 0xc1, 0x1d, 0xce,
    0xa1, 0x1c, 0x66, 0x30, 0x05, 0x3d, 0x88, 0x43, 0x38, 0x84, 0x83, 0x1b,
    0xcc, 0x03, 0x3d, 0xc8, 0x43, 0x3d, 0x8c, 0x03, 0x3d, 0xcc, 0x78, 0x8c,
    0x74, 0x70, 0x07, 0x7b, 0x08, 0x07, 0x79, 0x48, 0x87, 0x70, 0x70, 0x07,
    0x7a, 0x70, 0x03, 0x76, 0x78, 0x87, 0x70, 0x20, 0x87, 0x19, 0xcc, 0x11,
    0x0e, 0xec, 0x90, 0x0e, 0xe1, 0x30, 0x0f, 0x6e, 0x30, 0x0f, 0xe3, 0xf0,
    0x0e, 0xf0, 0x50, 0x0e, 0x33, 0x10, 0xc4, 0x1d, 0xde, 0x21, 0x1c, 0xd8,
    0x21, 0x1d, 0xc2, 0x61, 0x1e, 0x66, 0x30, 0x89, 0x3b, 0xbc, 0x83, 0x3b,
    0xd0, 0x43, 0x39, 0xb4, 0x03, 0x3c, 0xbc, 0x83, 0x3c, 0x84, 0x03, 0x3b,
    0xcc, 0xf0, 0x14, 0x76, 0x60, 0x07, 0x7b, 0x68, 0x07, 0x37, 0x68, 0x87,
    0x72, 0x68, 0x07, 0x37, 0x80, 0x87, 0x70, 0x90, 0x87, 0x70, 0x60, 0x07,
    0x76, 0x28, 0x07, 0x76, 0xf8, 0x05, 0x76, 0x78, 0x87, 0x77, 0x80, 0x87,
    0x5f, 0x08, 0x87, 0x71, 0x18, 0x87, 0x72, 0x98, 0x87, 0x79, 0x98, 0x81,
    0x2c, 0xee, 0xf0, 0x0e, 0xee, 0xe0, 0x0e, 0xf5, 0xc0, 0x0e, 0xec, 0x30,
    0x03, 0x62, 0xc8, 0xa1, 0x1c, 0xe4, 0xa1, 0x1c, 0xcc, 0xa1, 0x1c, 0xe4,
    0xa1, 0x1c, 0xdc, 0x61, 0x1c, 0xca, 0x21, 0x1c, 0xc4, 0x81, 0x1d, 0xca,
    0x61, 0x06, 0xd6, 0x90, 0x43, 0x39, 0xc8, 0x43, 0x39, 0x98, 0x43, 0x39,
    0xc8, 0x43, 0x39, 0xb8, 0xc3, 0x38, 0x94, 0x43, 0x38, 0x88, 0x03, 0x3b,
    0x94, 0xc3, 0x2f, 0xbc, 0x83, 0x3c, 0xfc, 0x82, 0x3b, 0xd4, 0x03, 0x3b,
    0xb0, 0xc3, 0x0c, 0xc4, 0x21, 0x07, 0x7c, 0x70, 0x03, 0x7a, 0x28, 0x87,
    0x76, 0x80, 0x87, 0x19, 0xca, 0xc3, 0x0e, 0xec, 0x60, 0x0f, 0xed, 0xe0,
    0x06, 0xec, 0xf0, 0x0e, 0xef, 0x00, 0x0f, 0x33, 0x22, 0x88, 0x1c, 0xf0,
    0xc1, 0x0d, 0xc8, 0x41, 0x1c, 0xce, 0xc1, 0x0d, 0xec, 0x21, 0x1c, 0xe4,
    0x81, 0x1d, 0xc2, 0x21, 0x1f, 0xde, 0xa1, 0x1e, 0xe8, 0x61, 0x06, 0x13,
    0x91, 0x03, 0x3e, 0xb8, 0x81, 0x38, 0xc8, 0x43, 0x39, 0x84, 0xc3, 0x3a,
    0xb8, 0x81, 0x38, 0xc8, 0x03, 0x00, 0x00, 0x00, 0x71, 0x20, 0x00, 0x00,
    0x39, 0x00, 0x00, 0x00, 0x15, 0x10, 0x06, 0x81, 0xdf, 0x79, 0x0e, 0x04,
    0xce, 0xa0, 0x41, 0xeb, 0x8f, 0x64, 0x2f, 0x8f, 0xe9, 0x6f, 0x39, 0x30,
    0x49, 0x82, 0xcd, 0x80, 0xc0, 0xa0, 0xcb, 0xee, 0x8a, 0x91, 0xd3, 0xed,
    0x02, 0x60, 0x02, 0x3f, 0x79, 0x99, 0x0c, 0x04, 0xce, 0xa0, 0xc1, 0x66,
    0xd0, 0x04, 0x0c, 0x8e, 0x35, 0x01, 0xa4, 0x31, 0x83, 0x66, 0xb8, 0x7c,
    0xe7, 0xf1, 0x03, 0x20, 0x8a, 0x10, 0x22, 0xb2, 0x02, 0x68, 0xb8, 0x7c,
    0xe7, 0xf1, 0x03, 0xa4, 0x01, 0x22, 0xcc, 0x47, 0x6e, 0xdb, 0x16, 0xa8,
    0xe1, 0xf2, 0x9d, 0xc7, 0x0f, 0xa8, 0xa2, 0x20, 0xa2, 0xd2, 0x01, 0x06,
    0x1f, 0xb9, 0x6d, 0x63, 0xa8, 0x86, 0xcb, 0x77, 0x1e, 0x3f, 0xa0, 0x8a,
    0x82, 0x88, 0xd8, 0xc9, 0x89, 0x08, 0xbf, 0xb8, 0x6d, 0x4b, 0xd8, 0x86,
    0xcb, 0x77, 0x1e, 0x5f, 0x08, 0xa8, 0xa2, 0x20, 0xa2, 0xd2, 0x01, 0x86,
    0x92, 0x30, 0x00, 0x01, 0xf3, 0x91, 0xdb, 0x36, 0x05, 0x69, 0xb8, 0x7c,
    0xe7, 0xf1, 0x85, 0x88, 0x00, 0x26, 0x22, 0x04, 0x9a, 0x61, 0x21, 0x0c,
    0xc1, 0x19, 0x2e, 0xdf, 0x79, 0xfc, 0xc1, 0x99, 0x70, 0xbf, 0xb8, 0x6d,
    0x1b, 0x10, 0x83, 0xe1, 0xf2, 0x9d, 0xc7, 0x2f, 0x16, 0x60, 0x9a, 0x88,
    0x86, 0x18, 0xda, 0x23, 0x22, 0x80, 0x41, 0x1c, 0xc4, 0x06, 0x8c, 0x1c,
    0xea, 0xf1, 0x91, 0xdb, 0x36, 0x82, 0x68, 0xb8, 0x7c, 0xe7, 0xf1, 0x8d,
    0xc8, 0xa1, 0x1e, 0x71, 0xf0, 0x91, 0xdb, 0xb6, 0x03, 0x6a, 0xb8, 0x7c,
    0xe7, 0xf1, 0x17, 0xc2, 0x00, 0x04, 0xec, 0xab, 0xf5, 0xd6, 0xf9, 0x6e,
    0x1b, 0x00, 0x00, 0x00, 0x00, 0x00, 0x00, 0x00, 0x48, 0x41, 0x53, 0x48,
    0x14, 0x00, 0x00, 0x00, 0x00, 0x00, 0x00, 0x00, 0xf0, 0x8c, 0x20, 0xb5,
    0xd7, 0xcd, 0x78, 0xb7, 0x48, 0x66, 0x1c, 0x39, 0xe3, 0xc0, 0x9a, 0x52,
    0x44, 0x58, 0x49, 0x4c, 0xa4, 0x37, 0x00, 0x00, 0x60, 0x00, 0x05, 0x00,
    0xe9, 0x0d, 0x00, 0x00, 0x44, 0x58, 0x49, 0x4c, 0x00, 0x01, 0x00, 0x00,
    0x10, 0x00, 0x00, 0x00, 0x8c, 0x37, 0x00, 0x00, 0x42, 0x43, 0xc0, 0xde,
    0x21, 0x0c, 0x00, 0x00, 0xe0, 0x0d, 0x00, 0x00, 0x0b, 0x82, 0x20, 0x00,
    0x02, 0x00, 0x00, 0x00, 0x13, 0x00, 0x00, 0x00, 0x07, 0x81, 0x23, 0x91,
    0x41, 0xc8, 0x04, 0x49, 0x06, 0x10, 0x32, 0x39, 0x92, 0x01, 0x84, 0x0c,
    0x25, 0x05, 0x08, 0x19, 0x1e, 0x04, 0x8b, 0x62, 0x80, 0x18, 0x45, 0x02,
    0x42, 0x92, 0x0b, 0x42, 0xc4, 0x10, 0x32, 0x14, 0x38, 0x08, 0x18, 0x4b,
    0x0a, 0x32, 0x62, 0x88, 0x48, 0x90, 0x14, 0x20, 0x43, 0x46, 0x88, 0xa5,
    0x00, 0x19, 0x32, 0x42, 0xe4, 0x48, 0x0e, 0x90, 0x11, 0x23, 0xc4, 0x50,
    0x41, 0x51, 0x81, 0x8c, 0xe1, 0x83, 0xe5, 0x8a, 0x04, 0x31, 0x46, 0x06,
    0x51, 0x18, 0x00, 0x00, 0x0b, 0x00, 0x00, 0x00, 0x1b, 0x8c, 0xe0, 0xff,
    0xff, 0xff, 0xff, 0x07, 0x40, 0x02, 0xa8, 0x0d, 0x86, 0xf0, 0xff, 0xff,
    0xff, 0xff, 0x03, 0xc0, 0x00, 0xd2, 0x06, 0x63, 0xf8, 0xff, 0xff, 0xff,
    0xff, 0x01, 0x90, 0x80, 0x6a, 0x03, 0x41, 0xfc, 0xff, 0xff, 0xff, 0xff,
    0x00, 0x48, 0x00, 0x00, 0x49, 0x18, 0x00, 0x00, 0x03, 0x00, 0x00, 0x00,
    0x13, 0x82, 0x60, 0x42, 0x20, 0x4c, 0x08, 0x86, 0x09, 0x01, 0x01, 0x00,
    0x89, 0x20, 0x00, 0x00, 0x47, 0x00, 0x00, 0x00, 0x32, 0x22, 0x88, 0x09,
    0x20, 0x64, 0x85, 0x04, 0x13, 0x23, 0xa4, 0x84, 0x04, 0x13, 0x23, 0xe3,
    0x84, 0xa1, 0x90, 0x14, 0x12, 0x4c, 0x8c, 0x8c, 0x0b, 0x84, 0xc4, 0x4c,
    0x10, 0xb8, 0xc1, 0x0c, 0x40, 0x82, 0x00, 0x83, 0x08, 0xc1, 0x30, 0x47,
    0x00, 0x06, 0x09, 0x98, 0x30, 0x0c, 0x22, 0x10, 0xc3, 0x08, 0x40, 0x09,
    0x0c, 0x3a, 0x8a, 0x30, 0x0c, 0x94, 0x94, 0x61, 0x18, 0x06, 0x5a, 0x0a,
    0x31, 0x0c, 0xc3, 0x40, 0x4d, 0x19, 0x8c, 0x61, 0xa0, 0xa7, 0x0c, 0xc0,
    0x30, 0x50, 0x54, 0x14, 0x60, 0x00, 0x00, 0x00, 0x00, 0x00, 0x00, 0xa0,
    0xe9, 0xa8, 0xe1, 0xf2, 0x27, 0xec, 0x21, 0x24, 0x9f, 0xdb, 0xa8, 0x62,
    0x25, 0x26, 0x1f, 0xb9, 0x6d, 0x44, 0x0c, 0xc3, 0x30, 0xcc, 0x11, 0x20,
    0x64, 0xdd, 0x33, 0x5c, 0xfe, 0x84, 0x3d, 0x84, 0xe4, 0x87, 0x40, 0x33,
    0x2c, 0x04, 0x0a, 0xae, 0x42, 0x54, 0x03, 0x36, 0x50, 0x36, 0x47, 0x10,
    0x14, 0x03, 0x1b, 0xac, 0x61, 0xd8, 0x88, 0xbb, 0x69, 0xb8, 0xfc, 0x09,
    0x7b, 0x08, 0xc9, 0x5f, 0x09, 0x69, 0x25, 0x26, 0x1f, 0xb9, 0x6d, 0x54,
    0x0c, 0xc3, 0x30, 0x0c, 0xa5, 0xf0, 0x06, 0x6c, 0x18, 0xe8, 0x2b, 0x8a,
    0x31, 0x60, 0xc3, 0x00, 0x00, 0x00, 0x60, 0x51, 0x38, 0x10, 0x70, 0x98,
    0x34, 0x45, 0x94, 0x30, 0xf9, 0x1b, 0x36, 0x11, 0xda, 0x30, 0x44, 0x84,
    0x24, 0x6d, 0x54, 0x51, 0x10, 0x11, 0x0a, 0x06, 0x22, 0x67, 0xfa, 0xc6,
    0x81, 0x1d, 0xc2, 0x61, 0x1e, 0xe6, 0xc1, 0x0d, 0x64, 0xe1, 0x16, 0x66,
    0x81, 0x1e, 0xe4, 0xa1, 0x1e, 0xc6, 0x81, 0x1e, 0xea, 0x41, 0x1e, 0xca,
    0x81, 0x1c, 0x44, 0xa1, 0x1e, 0xcc, 0xc1, 0x1c, 0xca, 0x41, 0x1e, 0xf8,
    0xc0, 0x1c, 0xd8, 0xe1, 0x1d, 0xc2, 0x81, 0x1e, 0xfc, 0x00, 0x05, 0x00,
    0x99, 0x67, 0xa4, 0x40, 0x04, 0x30, 0x12, 0x22, 0x86, 0x61, 0x18, 0x08,
    0x9d, 0x23, 0x00, 0x85, 0x29, 0x80, 0x41, 0x84, 0x61, 0x18, 0x44, 0x00,
    0x06, 0x00, 0x00, 0x00, 0x13, 0x14, 0x72, 0xc0, 0x87, 0x74, 0x60, 0x87,
    0x36, 0x68, 0x87, 0x79, 0x68, 0x03, 0x72, 0xc0, 0x87, 0x0d, 0xaf, 0x50,
    0x0e, 0x6d, 0xd0, 0x0e, 0x7a, 0x50, 0x0e, 0x6d, 0x00, 0x0f, 0x7a, 0x30,
    0x07, 0x72, 0xa0, 0x07, 0x73, 0x20, 0x07, 0x6d, 0x90, 0x0e, 0x71, 0xa0,
    0x07, 0x73, 0x20, 0x07, 0x6d, 0x90, 0x0e, 0x78, 0xa0, 0x07, 0x73, 0x20,
    0x07, 0x6d, 0x90, 0x0e, 0x71, 0x60, 0x07, 0x7a, 0x30, 0x07, 0x72, 0xd0,
    0x06, 0xe9, 0x30, 0x07, 0x72, 0xa0, 0x07, 0x73, 0x20, 0x07, 0x6d, 0x90,
    0x0e, 0x76, 0x40, 0x07, 0x7a, 0x60, 0x07, 0x74, 0xd0, 0x06, 0xe6, 0x10,
    0x07, 0x76, 0xa0, 0x07, 0x73, 0x20, 0x07, 0x6d, 0x60, 0x0e, 0x73, 0x20,
    0x07, 0x7a, 0x30, 0x07, 0x72, 0xd0, 0x06, 0xe6, 0x60, 0x07, 0x74, 0xa0,
    0x07, 0x76, 0x40, 0x07, 0x6d, 0xe0, 0x0e, 0x78, 0xa0, 0x07, 0x71, 0x60,
    0x07, 0x7a, 0x30, 0x07, 0x72, 0xa0, 0x07, 0x76, 0x40, 0x07, 0x3a, 0x0f,
    0x64, 0x90, 0x21, 0x23, 0x45, 0x44, 0x00, 0xc6, 0x01, 0xc0, 0xa4, 0xd3,
    0x81, 0x87, 0x3c, 0x07, 0x00, 0x00, 0x00, 0x00, 0x00, 0x00, 0x00, 0x00,
    0x00, 0x00, 0x0c, 0x79, 0x12, 0x20, 0x00, 0x02, 0x00, 0x00, 0x00, 0x00,
    0x00, 0x00, 0x00, 0x18, 0xf2, 0x2c, 0x40, 0x00, 0x04, 0x00, 0x00, 0x00,
    0x00, 0x00, 0x00, 0x00, 0x30, 0xe4, 0x69, 0x80, 0x00, 0x08, 0x00, 0x00,
    0x00, 0x00, 0x00, 0x00, 0x00, 0x60, 0xc8, 0xf3, 0x00, 0x01, 0x20, 0x00,
    0x00, 0x00, 0x00, 0x00, 0x00, 0x00, 0xc0, 0x90, 0x27, 0x02, 0x02, 0x20,
    0x00, 0x00, 0x00, 0x00, 0x00, 0x00, 0x00, 0x80, 0x21, 0xcf, 0x04, 0x04,
    0x40, 0x00, 0x00, 0x00, 0x00, 0x00, 0x00, 0x00, 0x00, 0x43, 0x9e, 0x0c,
    0x08, 0x80, 0x01, 0x00, 0x00, 0x00, 0x00, 0x00, 0x00, 0x00, 0x86, 0x3c,
    0x1c, 0x10, 0x00, 0x03, 0x00, 0x00, 0x00, 0x00, 0x00, 0x00, 0x00, 0x0c,
    0x79, 0x3e, 0x20, 0x00, 0x06, 0x00, 0x00, 0x00, 0x00, 0x00, 0x00, 0x00,
    0x18, 0xf2, 0x84, 0x01, 0x10, 0x00, 0x04, 0x00, 0x00, 0x00, 0x00, 0x00,
    0x00, 0x00, 0x64, 0x81, 0x00, 0x00, 0x00, 0x00, 0x0e, 0x00, 0x00, 0x00,
    0x32, 0x1e, 0x98, 0x14, 0x19, 0x11, 0x4c, 0x90, 0x8c, 0x09, 0x26, 0x47,
    0xc6, 0x04, 0x43, 0x1a, 0x4a, 0x60, 0x04, 0xa0, 0x24, 0x8a, 0xa1, 0x2c,
    0x0a, 0xa3, 0x10, 0x0a, 0xa4, 0x80, 0x48, 0x1d, 0x01, 0xa0, 0x6d, 0x04,
    0x80, 0xd4, 0x02, 0xa1, 0x73, 0x06, 0x80, 0xd2, 0x19, 0x00, 0x2a, 0x67,
    0x00, 0x88, 0x98, 0x01, 0x00, 0x00, 0x00, 0x00, 0x79, 0x18, 0x00, 0x00,
    0x57, 0x00, 0x00, 0x00, 0x1a, 0x03, 0x4c, 0x90, 0x46, 0x02, 0x13, 0xc4,
    0x8f, 0x0c, 0x6f, 0x0c, 0x05, 0x4e, 0x2e, 0xcd, 0x2e, 0x8c, 0xae, 0x2c,
    0x05, 0x24, 0xc6, 0x25, 0xc7, 0x05, 0xc6, 0x25, 0x06, 0x04, 0x05, 0x86,
    0x6c, 0xa6, 0xac, 0xcc, 0x46, 0xac, 0x26, 0x65, 0x43, 0x10, 0x4c, 0x10,
    0x86, 0x66, 0x82, 0x30, 0x38, 0x1b, 0x84, 0x81, 0x98, 0x20, 0x0c, 0xcf,
    0x06, 0x61, 0x30, 0x28, 0x8c, 0xcd, 0x4d, 0x10, 0x06, 0x68, 0xc3, 0x80,
    0x24, 0xc4, 0x04, 0xa1, 0x0c, 0x36, 0x02, 0x13, 0x84, 0x21, 0xda, 0x90,
    0x10, 0x0b, 0x43, 0x10, 0x43, 0x43, 0x00, 0x1b, 0x92, 0x61, 0x61, 0x88,
    0x61, 0x68, 0x08, 0x60, 0x83, 0xe0, 0x3c, 0x13, 0x84, 0x33, 0xc8, 0x26,
    0x08, 0x83, 0x34, 0x41, 0xd8, 0xae, 0x09, 0xc2, 0x30, 0x6d, 0x10, 0x06,
    0x6a, 0xc3, 0x42, 0x44, 0x0c, 0x41, 0x0c, 0xd2, 0x34, 0x4d, 0xd5, 0x86,
    0xc0, 0x9a, 0x20, 0xa4, 0x81, 0x36, 0x41, 0x18, 0xa8, 0x0d, 0x08, 0x81,
    0x31, 0x04, 0x31, 0x64, 0xc0, 0x86, 0x40, 0xdb, 0x40, 0x40, 0xd7, 0x06,
    0x4c, 0x10, 0x10, 0x81, 0xc6, 0xd0, 0x54, 0x53, 0x58, 0x9a, 0xdb, 0x04,
    0x41, 0x0d, 0xb0, 0x09, 0xc2, 0x50, 0x6d, 0x18, 0xc0, 0x60, 0x18, 0x36,
    0x10, 0xc4, 0x47, 0x85, 0xc1, 0x86, 0xa2, 0xf3, 0x00, 0x4e, 0x0c, 0x58,
    0x98, 0xb1, 0xbd, 0x85, 0xd1, 0xf1, 0x79, 0x6b, 0x73, 0x4b, 0x83, 0x7b,
    0xa3, 0x2b, 0x73, 0xa3, 0x03, 0x19, 0x43, 0x0b, 0x93, 0x63, 0x34, 0x95,
    0xd6, 0x06, 0xc7, 0x56, 0x06, 0x32, 0xf4, 0x32, 0xb4, 0xb2, 0x02, 0x42,
    0x25, 0x14, 0x14, 0xb4, 0x21, 0x30, 0x83, 0x09, 0x82, 0x1a, 0x58, 0x1b,
    0x86, 0x32, 0x38, 0x03, 0x34, 0xd8, 0x30, 0x90, 0x41, 0x1a, 0xa0, 0xc1,
    0x86, 0x41, 0x0d, 0xd4, 0x00, 0x0d, 0xaa, 0xb0, 0xb1, 0xd9, 0xb5, 0xb9,
    0xa4, 0x91, 0x95, 0xb9, 0xd1, 0x4d, 0x09, 0x82, 0x2a, 0x64, 0x78, 0x2e,
    0x76, 0x65, 0x72, 0x73, 0x69, 0x6f, 0x6e, 0x53, 0x02, 0xa2, 0x09, 0x19,
    0x9e, 0x8b, 0x5d, 0x18, 0x9b, 0x5d, 0x99, 0xdc, 0x94, 0xc0, 0xa8, 0x43,
    0x86, 0xe7, 0x32, 0x87, 0x16, 0x46, 0x56, 0x26, 0xd7, 0xf4, 0x46, 0x56,
    0xc6, 0x36, 0x25, 0x48, 0xca, 0x90, 0xe1, 0xb9, 0xc8, 0x95, 0xcd, 0xbd,
    0xd5, 0xc9, 0x8d, 0x95, 0xcd, 0x4d, 0x09, 0xb6, 0x3a, 0x64, 0x78, 0x2e,
    0x65, 0x6e, 0x74, 0x72, 0x79, 0x50, 0x6f, 0x69, 0x6e, 0x74, 0x73, 0x53,
    0x02, 0x31, 0x00, 0x00, 0x79, 0x18, 0x00, 0x00, 0x55, 0x00, 0x00, 0x00,
    0x33, 0x08, 0x80, 0x1c, 0xc4, 0xe1, 0x1c, 0x66, 0x14, 0x01, 0x3d, 0x88,
    0x43, 0x38, 0x84, 0xc3, 0x8c, 0x42, 0x80, 0x07, 0x79, 0x78, 0x07, 0x73,
    0x98, 0x71, 0x0c, 0xe6, 0x00, 0x0f, 0xed, 0x10, 0x0e, 0xf4, 0x80, 0x0e,
    0x33, 0x0c, 0x42, 0x1e, 0xc2, 0xc1, 0x1d, 0xce, 0xa1, 0x1c, 0x66, 0x30,
    0x05, 0x3d, 0x88, 0x43, 0x38, 0x84, 0x83, 0x1b, 0xcc, 0x03, 0x3d, 0xc8,
    0x43, 0x3d, 0x8c, 0x03, 0x3d, 0xcc, 0x78, 0x8c, 0x74, 0x70, 0x07, 0x7b,
    0x08, 0x07, 0x79, 0x48, 0x87, 0x70, 0x70, 0x07, 0x7a, 0x70, 0x03, 0x76,
    0x78, 0x87, 0x70, 0x20, 0x87, 0x19, 0xcc, 0x11, 0x0e, 0xec, 0x90, 0x0e,
    0xe1, 0x30, 0x0f, 0x6e, 0x30, 0x0f, 0xe3, 0xf0, 0x0e, 0xf0, 0x50, 0x0e,
    0x33, 0x10, 0xc4, 0x1d, 0xde, 0x21, 0x1c, 0xd8, 0x21, 0x1d, 0xc2, 0x61,
    0x1e, 0x66, 0x30, 0x89, 0x3b, 0xbc, 0x83, 0x3b, 0xd0, 0x43, 0x39, 0xb4,
    0x03, 0x3c, 0xbc, 0x83, 0x3c, 0x84, 0x03, 0x3b, 0xcc, 0xf0, 0x14, 0x76,
    0x60, 0x07, 0x7b, 0x68, 0x07, 0x37, 0x68, 0x87, 0x72, 0x68, 0x07, 0x37,
    0x80, 0x87, 0x70, 0x90, 0x87, 0x70, 0x60, 0x07, 0x76, 0x28, 0x07, 0x76,
    0xf8, 0x05, 0x76, 0x78, 0x87, 0x77, 0x80, 0x87, 0x5f, 0x08, 0x87, 0x71,
    0x18, 0x87, 0x72, 0x98, 0x87, 0x79, 0x98, 0x81, 0x2c, 0xee, 0xf0, 0x0e,
    0xee, 0xe0, 0x0e, 0xf5, 0xc0, 0x0e, 0xec, 0x30, 0x03, 0x62, 0xc8, 0xa1,
    0x1c, 0xe4, 0xa1, 0x1c, 0xcc, 0xa1, 0x1c, 0xe4, 0xa1, 0x1c, 0xdc, 0x61,
    0x1c, 0xca, 0x21, 0x1c, 0xc4, 0x81, 0x1d, 0xca, 0x61, 0x06, 0xd6, 0x90,
    0x43, 0x39, 0xc8, 0x43, 0x39, 0x98, 0x43, 0x39, 0xc8, 0x43, 0x39, 0xb8,
    0xc3, 0x38, 0x94, 0x43, 0x38, 0x88, 0x03, 0x3b, 0x94, 0xc3, 0x2f, 0xbc,
    0x83, 0x3c, 0xfc, 0x82, 0x3b, 0xd4, 0x03, 0x3b, 0xb0, 0xc3, 0x0c, 0xc4,
    0x21, 0x07, 0x7c, 0x70, 0x03, 0x7a, 0x28, 0x87, 0x76, 0x80, 0x87, 0x19,
    0xca, 0xc3, 0x0e, 0xec, 0x60, 0x0f, 0xed, 0xe0, 0x06, 0xec, 0xf0, 0x0e,
    0xef, 0x00, 0x0f, 0x33, 0x22, 0x88, 0x1c, 0xf0, 0xc1, 0x0d, 0xc8, 0x41,
    0x1c, 0xce, 0xc1, 0x0d, 0xec, 0x21, 0x1c, 0xe4, 0x81, 0x1d, 0xc2, 0x21,
    0x1f, 0xde, 0xa1, 0x1e, 0xe8, 0x61, 0x06, 0x13, 0x91, 0x03, 0x3e, 0xb8,
    0x81, 0x38, 0xc8, 0x43, 0x39, 0x84, 0xc3, 0x3a, 0xb8, 0x81, 0x38, 0xc8,
    0x03, 0x00, 0x00, 0x00, 0x71, 0x20, 0x00, 0x00, 0x39, 0x00, 0x00, 0x00,
    0x15, 0x10, 0x06, 0x81, 0xdf, 0x79, 0x0e, 0x04, 0xce, 0xa0, 0x41, 0xeb,
    0x8f, 0x64, 0x2f, 0x8f, 0xe9, 0x6f, 0x39, 0x30, 0x49, 0x82, 0xcd, 0x80,
    0xc0, 0xa0, 0xcb, 0xee, 0x8a, 0x91, 0xd3, 0xed, 0x02, 0x60, 0x02, 0x3f,
    0x79, 0x99, 0x0c, 0x04, 0xce, 0xa0, 0xc1, 0x66, 0xd0, 0x04, 0x0c, 0x8e,
    0x35, 0x01, 0xa4, 0x31, 0x83, 0x66, 0xb8, 0x7c, 0xe7, 0xf1, 0x03, 0x20,
    0x8a, 0x10, 0x22, 0xb2, 0x02, 0x68, 0xb8, 0x7c, 0xe7, 0xf1, 0x03, 0xa4,
    0x01, 0x22, 0xcc, 0x47, 0x6e, 0xdb, 0x16, 0xa8, 0xe1, 0xf2, 0x9d, 0xc7,
    0x0f, 0xa8, 0xa2, 0x20, 0xa2, 0xd2, 0x01, 0x06, 0x1f, 0xb9, 0x6d, 0x63,
    0xa8, 0x86, 0xcb, 0x77, 0x1e, 0x3f, 0xa0, 0x8a, 0x82, 0x88, 0xd8, 0xc9,
    0x89, 0x08, 0xbf, 0xb8, 0x6d, 0x4b, 0xd8, 0x86, 0xcb, 0x77, 0x1e, 0x5f,
    0x08, 0xa8, 0xa2, 0x20, 0xa2, 0xd2, 0x01, 0x86, 0x92, 0x30, 0x00, 0x01,
    0xf3, 0x91, 0xdb, 0x36, 0x05, 0x69, 0xb8, 0x7c, 0xe7, 0xf1, 0x85, 0x88,
    0x00, 0x26, 0x22, 0x04, 0x9a, 0x61, 0x21, 0x0c, 0xc1, 0x19, 0x2e, 0xdf,
    0x79, 0xfc, 0xc1, 0x99, 0x70, 0xbf, 0xb8, 0x6d, 0x1b, 0x10, 0x83, 0xe1,
    0xf2, 0x9d, 0xc7, 0x2f, 0x16, 0x60, 0x9a, 0x88, 0x86, 0x18, 0xda, 0x23,
    0x22, 0x80, 0x41, 0x1c, 0xc4, 0x06, 0x8c, 0x1c, 0xea, 0xf1, 0x91, 0xdb,
    0x36, 0x82, 0x68, 0xb8, 0x7c, 0xe7, 0xf1, 0x8d, 0xc8, 0xa1, 0x1e, 0x71,
    0xf0, 0x91, 0xdb, 0xb6, 0x03, 0x6a, 0xb8, 0x7c, 0xe7, 0xf1, 0x17, 0xc2,
    0x00, 0x04, 0xec, 0xab, 0xf5, 0xd6, 0xf9, 0x6e, 0x1b, 0x00, 0x00, 0x00,
    0x61, 0x20, 0x00, 0x00, 0x26, 0x0c, 0x00, 0x00, 0x13, 0x04, 0x78, 0x10,
    0x0b, 0x04, 0x00, 0x00, 0x38, 0x00, 0x00, 0x00, 0x64, 0x15, 0xc1, 0x08,
    0x00, 0x0d, 0xe5, 0x51, 0x88, 0x01, 0x33, 0x00, 0x05, 0x57, 0x10, 0x05,
    0x53, 0x28, 0x85, 0x53, 0x04, 0x65, 0x50, 0xa0, 0x01, 0x05, 0x56, 0x7e,
    0x25, 0x57, 0xc0, 0x01, 0x65, 0x57, 0x0a, 0xe5, 0x50, 0x14, 0x05, 0x2a,
    0x50, 0xe0, 0x01, 0x65, 0x28, 0x50, 0x24, 0xc5, 0x53, 0xbc, 0x01, 0x05,
    0x55, 0xfe, 0xff, 0x07, 0x05, 0x18, 0x50, 0x80, 0x02, 0x05, 0x2c, 0x50,
    0xe0, 0x02, 0x05, 0x38, 0x50, 0xa0, 0x03, 0x05, 0x3c, 0x50, 0xe0, 0x03,
    0x05, 0x48, 0x50, 0xa0, 0x04, 0x05, 0x4c, 0x50, 0xe0, 0x04, 0x05, 0x58,
    0x50, 0xa0, 0x05, 0x05, 0x5c, 0x50, 0xe0, 0x05, 0x05, 0x68, 0x50, 0xa0,
    0x06, 0x05, 0x6c, 0x50, 0xe0, 0x06, 0x05, 0x78, 0x50, 0xa0, 0x07, 0x05,
    0x7c, 0x50, 0xe0, 0x07, 0x05, 0x88, 0x50, 0xa0, 0x08, 0x05, 0x8c, 0x50,
    0xe0, 0x08, 0x05, 0x98, 0x50, 0xa0, 0x09, 0x05, 0x9c, 0x50, 0xe0, 0x09,
    0x05, 0xa8, 0x50, 0xa0, 0x0a, 0x05, 0xac, 0x50, 0xe0, 0x0a, 0x05, 0xb8,
    0x50, 0xa0, 0x0b, 0x05, 0xbc, 0x50, 0xe0, 0x0b, 0x05, 0xc8, 0x50, 0xa0,
    0x0c, 0x05, 0xcc, 0x50, 0xe0, 0x0c, 0x05, 0xd8, 0x50, 0xa0, 0x0d, 0x05,
    0xdc, 0x50, 0xe0, 0x0d, 0x05, 0xe8, 0x50, 0xa0, 0x0e, 0x05, 0xec, 0x50,
    0xe0, 0x0e, 0x05, 0xf8, 0x50, 0xa0, 0x0f, 0x05, 0xfc, 0x50, 0xe0, 0x0f,
    0xa5, 0x18, 0x40, 0x56, 0x09, 0x10, 0x30, 0x02, 0x30, 0x03, 0x40, 0xed,
    0x50, 0x47, 0x20, 0x00, 0x83, 0x33, 0x38, 0x43, 0x1d, 0x81, 0x00, 0x0c,
    0xce, 0xd0, 0x00, 0x00, 0x23, 0x06, 0x09, 0x00, 0x82, 0x60, 0xc0, 0xb9,
    0x03, 0x2b, 0x14, 0xea, 0xa0, 0x0e, 0xe1, 0x30, 0x62, 0x90, 0x00, 0x20,
    0x08, 0x06, 0xdc, 0x3b, 0xb4, 0xc2, 0x2e, 0xb0, 0x03, 0x3b, 0x88, 0xc3,
    0x88, 0x41, 0x02, 0x80, 0x20, 0x18, 0x70, 0xf0, 0xe0, 0x0a, 0xbc, 0xc0,
    0x0e, 0xec, 0x30, 0x0e, 0x23, 0x06, 0x09, 0x00, 0x82, 0x60, 0xc0, 0xc5,
    0xc3, 0x2b, 0xf8, 0x42, 0x3b, 0xb4, 0x03, 0x39, 0x8c, 0x18, 0x14, 0x00,
    0x08, 0x82, 0x41, 0x92, 0x0f, 0xaf, 0x30, 0x62, 0x60, 0x00, 0x20, 0x08,
    0x06, 0x4b, 0x3e, 0x98, 0xc2, 0x3b, 0x8c, 0x18, 0x1c, 0x00, 0x08, 0x82,
    0x41, 0x56, 0x0f, 0xb0, 0x30, 0xc0, 0xc3, 0x68, 0x42, 0x00, 0x0c, 0x37,
    0x0c, 0x01, 0x19, 0xcc, 0x32, 0x04, 0x77, 0x10, 0x8c, 0x26, 0x0c, 0xc2,
    0x70, 0x43, 0x40, 0x0f, 0x60, 0x30, 0xcb, 0xb0, 0x06, 0x42, 0x30, 0x4b,
    0x30, 0x0c, 0x54, 0x00, 0xe5, 0x4e, 0xa4, 0x81, 0x27, 0x0c, 0x54, 0x0c,
    0xe5, 0x4e, 0xa4, 0x01, 0x7b, 0x08, 0x23, 0x06, 0x07, 0x00, 0x82, 0x60,
    0x90, 0xf1, 0xc3, 0x2d, 0x28, 0xf7, 0x30, 0x9a, 0x10, 0x08, 0x15, 0x0c,
    0x31, 0x62, 0x70, 0x00, 0x20, 0x08, 0x06, 0xcd, 0x48, 0xc0, 0xc2, 0x3c,
    0x04, 0x35, 0x30, 0x52, 0x81, 0x01, 0x15, 0xe4, 0x82, 0x0c, 0x37, 0x40,
    0x04, 0x19, 0xcc, 0x32, 0x10, 0x45, 0x50, 0x91, 0x3e, 0x5c, 0x0d, 0x01,
    0x8c, 0x18, 0x20, 0x00, 0x08, 0x82, 0xc1, 0x47, 0x12, 0xef, 0x50, 0x05,
    0xee, 0x30, 0x9a, 0x10, 0x00, 0xa3, 0x09, 0x42, 0x30, 0x9a, 0x30, 0x08,
    0xa3, 0x09, 0xc4, 0x30, 0x4b, 0x50, 0x0c, 0x54, 0x0c, 0x08, 0xc1, 0x22,
    0xc3, 0x40, 0xc5, 0x80, 0x10, 0x2e, 0x32, 0x0c, 0x54, 0x0c, 0x08, 0x01,
    0x23, 0xc3, 0x40, 0xc5, 0x80, 0x10, 0x32, 0x32, 0xcc, 0x32, 0x18, 0x07,
    0x53, 0x5c, 0x49, 0x48, 0xad, 0x44, 0x00, 0x8b, 0x18, 0x72, 0x82, 0x25,
    0x82, 0x61, 0x03, 0x22, 0x38, 0x06, 0xa0, 0x3e, 0x94, 0x90, 0x7a, 0x89,
    0x00, 0x16, 0x31, 0xf0, 0xc4, 0x4b, 0x04, 0xc3, 0x06, 0x44, 0x90, 0x0c,
    0x40, 0x89, 0xc1, 0x4a, 0x48, 0xe1, 0x43, 0x00, 0x8b, 0x18, 0x7e, 0x42,
    0x26, 0x82, 0x61, 0x03, 0x22, 0x58, 0x06, 0xa0, 0xca, 0xc0, 0x25, 0xa4,
    0xf4, 0x21, 0x80, 0x45, 0x0c, 0x62, 0x51, 0x13, 0xc1, 0xb0, 0x01, 0x11,
    0x34, 0x03, 0x30, 0x4b, 0x70, 0x0c, 0x54, 0x6c, 0x3a, 0x52, 0xc0, 0x81,
    0x31, 0xcb, 0x80, 0x24, 0x41, 0x75, 0x69, 0x00, 0x15, 0xcc, 0xc4, 0x15,
    0x17, 0xc0, 0x88, 0x01, 0x02, 0x80, 0x20, 0x18, 0x7c, 0x3d, 0x81, 0x12,
    0x6e, 0x10, 0x9c, 0xc4, 0x68, 0x42, 0x00, 0x8c, 0x26, 0x08, 0xc1, 0x68,
    0xc2, 0x20, 0x8c, 0x26, 0x10, 0xc3, 0x2c, 0x41, 0x32, 0x50, 0x31, 0x20,
    0x88, 0x9f, 0x1c, 0x03, 0x15, 0x03, 0x82, 0x80, 0xca, 0x31, 0x50, 0x31,
    0x20, 0x88, 0xa8, 0x1c, 0x03, 0x15, 0x03, 0x82, 0x90, 0xca, 0x31, 0xcb,
    0xa0, 0x2c, 0x65, 0x50, 0x69, 0x50, 0x07, 0x50, 0xc1, 0x4f, 0x48, 0x95,
    0x45, 0x00, 0x8b, 0x18, 0xe6, 0xc2, 0x2c, 0x82, 0x61, 0x03, 0x22, 0x40,
    0x06, 0xa0, 0x08, 0xb1, 0x90, 0x4a, 0x8b, 0x00, 0x16, 0x31, 0xd8, 0x45,
    0x5a, 0x04, 0xc3, 0x06, 0x44, 0xa0, 0x0c, 0x40, 0x1d, 0x65, 0x21, 0x25,
    0x13, 0x01, 0x2c, 0x62, 0xc8, 0x0b, 0xb6, 0x08, 0x86, 0x0d, 0x88, 0x80,
    0x19, 0x80, 0x52, 0xd0, 0x42, 0x8a, 0x26, 0x02, 0x58, 0xc4, 0xc0, 0x17,
    0x6f, 0x11, 0x0c, 0x1b, 0x10, 0x81, 0x33, 0x00, 0xb3, 0x04, 0xcb, 0x40,
    0xc5, 0xe6, 0x2a, 0x09, 0x39, 0x28, 0xb3, 0x0c, 0x4c, 0x13, 0xd4, 0x1d,
    0xc0, 0xc4, 0x15, 0x29, 0xb4, 0xc5, 0x95, 0x10, 0x40, 0x05, 0x77, 0x00,
    0x23, 0x06, 0x08, 0x00, 0x82, 0x60, 0xf0, 0xe1, 0xc5, 0x58, 0xa4, 0x42,
    0x20, 0x16, 0xa3, 0x09, 0x01, 0x30, 0x9a, 0x20, 0x04, 0xa3, 0x09, 0x83,
    0x30, 0x9a, 0x40, 0x0c, 0xb3, 0x04, 0xcd, 0x40, 0xc5, 0x80, 0x30, 0xf4,
    0xb2, 0x0c, 0x54, 0x0c, 0x08, 0x63, 0x2f, 0xcb, 0x40, 0xc5, 0x80, 0x30,
    0xf8, 0xb2, 0x0c, 0x54, 0x0c, 0x08, 0xa3, 0x2f, 0xcb, 0x2c, 0x83, 0xf3,
    0x80, 0x42, 0x91, 0xc2, 0x5f, 0x5c, 0x05, 0xb1, 0x00, 0x15, 0xec, 0x85,
    0x54, 0x68, 0x04, 0xb0, 0x88, 0xe1, 0x35, 0x44, 0x23, 0x18, 0x36, 0x20,
    0x82, 0x64, 0x00, 0x8a, 0xf0, 0x0b, 0xa9, 0xd2, 0x08, 0x60, 0x11, 0x83,
    0x6c, 0x94, 0x46, 0x30, 0x6c, 0x40, 0x04, 0xcb, 0x00, 0xd4, 0x11, 0x1a,
    0x52, 0x6e, 0x11, 0xc0, 0x22, 0x86, 0xda, 0x40, 0x8d, 0x60, 0xd8, 0x80,
    0x08, 0x9a, 0x01, 0x28, 0x85, 0x34, 0xa4, 0xe0, 0x22, 0x80, 0x45, 0x0c,
    0xb8, 0xb1, 0x1a, 0xc1, 0xb0, 0x01, 0x11, 0x3c, 0x03, 0x30, 0x4b, 0xf0,
    0x0c, 0x54, 0x6c, 0x26, 0xd3, 0xf0, 0x84, 0x33, 0xcb, 0x00, 0x45, 0x41,
    0xcd, 0x42, 0x5c, 0x48, 0x81, 0x43, 0x6a, 0x5c, 0x09, 0x01, 0x54, 0x30,
    0x0b, 0x30, 0x62, 0x80, 0x00, 0x20, 0x08, 0x06, 0x1f, 0x6d, 0xfc, 0x45,
    0x39, 0x04, 0x7e, 0x31, 0x9a, 0x10, 0x00, 0xa3, 0x09, 0x42, 0x30, 0x9a,
    0x30, 0x08, 0xa3, 0x09, 0xc4, 0x30, 0x4b, 0x10, 0x0d, 0x54, 0x0c, 0x08,
    0xc4, 0x36, 0xcf, 0x40, 0xc5, 0x80, 0x40, 0x6e, 0xf3, 0x0c, 0x54, 0x0c,
    0x08, 0x04, 0x37, 0xcf, 0x40, 0xc5, 0x80, 0x40, 0x72, 0xf3, 0xcc, 0x32,
    0x48, 0x13, 0x2f, 0x14, 0x38, 0x80, 0x86, 0x54, 0xd0, 0x0e, 0x50, 0xc1,
    0x6d, 0x48, 0xf5, 0x46, 0x00, 0x8b, 0x18, 0xd6, 0xc3, 0x37, 0x82, 0x61,
    0x03, 0x22, 0x48, 0x06, 0xa0, 0x08, 0xdd, 0x90, 0x0a, 0x8f, 0x00, 0x16,
    0x31, 0xb8, 0x47, 0x78, 0x04, 0xc3, 0x06, 0x44, 0xb0, 0x0c, 0x40, 0x1d,
    0xbd, 0x21, 0xa5, 0x1a, 0x01, 0x2c, 0x62, 0x88, 0x0f, 0xf2, 0x08, 0x86,
    0x0d, 0x88, 0xa0, 0x19, 0x80, 0x52, 0xc0, 0x43, 0x8a, 0x35, 0x02, 0x58,
    0xc4, 0x40, 0x1f, 0xe7, 0x11, 0x0c, 0x1b, 0x10, 0xc1, 0x33, 0x00, 0xb3,
    0x04, 0xd3, 0x40, 0xc5, 0xe6, 0x37, 0x11, 0x6d, 0x48, 0xb3, 0x0c, 0x54,
    0x15, 0xd4, 0x3b, 0x9c, 0xc7, 0x15, 0x3f, 0x94, 0xc7, 0x95, 0x10, 0x40,
    0x05, 0xef, 0x00, 0x23, 0x06, 0x08, 0x00, 0x82, 0x60, 0xf0, 0xc1, 0xc7,
    0x6e, 0x84, 0x44, 0xa0, 0x1b, 0xa3, 0x09, 0x01, 0x30, 0x9a, 0x20, 0x04,
    0xa3, 0x09, 0x83, 0x30, 0x9a, 0x40, 0x0c, 0xb3, 0x04, 0xd5, 0x40, 0xc5,
    0x80, 0x50, 0xe4, 0x33, 0x0d, 0x54, 0x0c, 0x08, 0x65, 0x3e, 0xd3, 0x40,
    0xc5, 0x80, 0x50, 0xe8, 0x33, 0x0d, 0x54, 0x0c, 0x08, 0xa5, 0x3e, 0xd3,
    0x2c, 0x83, 0x75, 0xe1, 0x43, 0xf1, 0x43, 0x6f, 0x5c, 0x05, 0x29, 0x01,
    0x15, 0xcc, 0x87, 0x54, 0x7e, 0x04, 0xb0, 0x88, 0xe1, 0x44, 0xf4, 0x23,
    0x18, 0x36, 0x20, 0x82, 0x64, 0x00, 0x8a, 0xb0, 0x0f, 0xa9, 0xfe, 0x08,
    0x60, 0x11, 0x83, 0x8a, 0xf4, 0x47, 0x30, 0x6c, 0x40, 0x04, 0xcb, 0x00,
    0xd4, 0x91, 0x1f, 0x52, 0xe6, 0x11, 0xc0, 0x22, 0x86, 0x16, 0x01, 0x91,
    0x60, 0xd8, 0x80, 0x08, 0x9a, 0x01, 0x28, 0x85, 0x3f, 0xa4, 0xd0, 0x23,
    0x80, 0x45, 0x0c, 0x30, 0x32, 0x22, 0xc1, 0xb0, 0x01, 0x11, 0x3c, 0x03,
    0x30, 0x4b, 0x70, 0x0d, 0x54, 0x6c, 0xf6, 0x53, 0xb1, 0x88, 0x35, 0xcb,
    0x80, 0x65, 0x41, 0xad, 0x84, 0x7a, 0x48, 0xe1, 0x44, 0x88, 0x5c, 0x09,
    0x01, 0x54, 0xb0, 0x12, 0x30, 0x62, 0x80, 0x00, 0x20, 0x08, 0x06, 0x1f,
    0x8b, 0xdc, 0x47, 0x4f, 0x04, 0xf6, 0x31, 0x9a, 0x10, 0x00, 0xa3, 0x09,
    0x42, 0x30, 0x9a, 0x30, 0x08, 0xa3, 0x09, 0xc4, 0x30, 0x4b, 0x90, 0x0d,
    0x54, 0x0c, 0x08, 0xc6, 0x43, 0xd7, 0x40, 0xc5, 0x80, 0x60, 0x3e, 0x74,
    0x0d, 0x54, 0x0c, 0x08, 0x06, 0x46, 0xd7, 0x40, 0xc5, 0x80, 0x60, 0x62,
    0x74, 0xcd, 0x32, 0x68, 0x1b, 0x4d, 0x14, 0x4e, 0xc4, 0x87, 0x54, 0x50,
    0x16, 0x50, 0xc1, 0x8b, 0x48, 0xd5, 0x48, 0x00, 0x8b, 0x18, 0xc6, 0xc4,
    0x46, 0x82, 0x61, 0x03, 0x22, 0x48, 0x06, 0xa0, 0x08, 0x19, 0x91, 0xca,
    0x91, 0x00, 0x16, 0x31, 0x98, 0x49, 0x8e, 0x04, 0xc3, 0x06, 0x44, 0xb0,
    0x0c, 0x40, 0x1d, 0x35, 0x22, 0x25, 0x22, 0x01, 0x2c, 0x62, 0x48, 0x13,
    0x1e, 0x09, 0x86, 0x0d, 0x88, 0xa0, 0x19, 0x80, 0x52, 0x70, 0x44, 0x8a,
    0x44, 0x02, 0x58, 0xc4, 0xc0, 0x26, 0x3f, 0x12, 0x0c, 0x1b, 0x10, 0xc1,
    0x33, 0x00, 0xb3, 0x04, 0xdb, 0x40, 0xc5, 0xe6, 0x46, 0x19, 0xa9, 0x68,
    0xb3, 0x0c, 0x5c, 0x17, 0xd4, 0x59, 0x88, 0x88, 0x14, 0x5d, 0xf4, 0xc8,
    0x95, 0x10, 0x40, 0x05, 0x67, 0x01, 0x23, 0x06, 0x08, 0x00, 0x82, 0x60,
    0xf0, 0xa1, 0xc9, 0x8c, 0xe4, 0x45, 0x20, 0x23, 0xa3, 0x09, 0x01, 0x30,
    0x9a, 0x20, 0x04, 0xa3, 0x09, 0x83, 0x30, 0x9a, 0x40, 0x0c, 0xb3, 0x04,
    0xdd, 0x40, 0xc5, 0x80, 0x70, 0xb4, 0xb4, 0x0d, 0x54, 0x0c, 0x08, 0x67,
    0x4b, 0xdb, 0x40, 0xc5, 0x80, 0x70, 0xb8, 0xb4, 0x0d, 0x54, 0x0c, 0x08,
    0xa7, 0x4b, 0xdb, 0x2c, 0x83, 0xf7, 0xc1, 0x45, 0xd1, 0x05, 0x9b, 0x48,
    0x05, 0xa1, 0x01, 0x15, 0xac, 0x89, 0x54, 0x9c, 0x04, 0xb0, 0x88, 0xe1,
    0x4f, 0xe4, 0x24, 0x18, 0x36, 0x20, 0x82, 0x64, 0x00, 0x8a, 0x70, 0x13,
    0xa9, 0x3a, 0x09, 0x60, 0x11, 0x83, 0xa8, 0xd4, 0x49, 0x30, 0x6c, 0x40,
    0x04, 0xcb, 0x00, 0xd4, 0x11, 0x27, 0x52, 0x3e, 0x12, 0xc0, 0x22, 0x86,
    0x52, 0xc1, 0x93, 0x60, 0xd8, 0x80, 0x08, 0x9a, 0x01, 0x28, 0x85, 0x4e,
    0xa4, 0xc0, 0x24, 0x80, 0x45, 0x0c, 0xa8, 0xb2, 0x27, 0xc1, 0xb0, 0x01,
    0x11, 0x3c, 0x03, 0x30, 0x4b, 0xf0, 0x0d, 0x54, 0x6c, 0xe6, 0xd4, 0xf1,
    0x8b, 0x37, 0xcb, 0x00, 0x06, 0x61, 0x10, 0xd4, 0x68, 0xe0, 0x88, 0x14,
    0x6c, 0xe4, 0xc9, 0x95, 0x10, 0x40, 0x05, 0xa3, 0x01, 0x23, 0x06, 0x08,
    0x00, 0x82, 0x60, 0xf0, 0x91, 0xca, 0x9b, 0xd4, 0x46, 0xe0, 0x26, 0xa3,
    0x09, 0x01, 0x30, 0x9a, 0x20, 0x04, 0xa3, 0x09, 0x83, 0x30, 0x9a, 0x40,
    0x0c, 0xb3, 0x04, 0x61, 0x30, 0x50, 0x31, 0x20, 0x60, 0xc0, 0x52, 0xdf,
    0x40, 0xc5, 0x80, 0x80, 0x81, 0x4b, 0x7d, 0x03, 0x15, 0x03, 0x02, 0x06,
    0x30, 0xf5, 0x0d, 0x54, 0x0c, 0x08, 0x18, 0xc8, 0xd4, 0x37, 0xcb, 0x20,
    0x06, 0x63, 0xc0, 0x1a, 0x05, 0x1b, 0x68, 0x22, 0x15, 0xf4, 0x06, 0x54,
    0x70, 0x2a, 0x52, 0xad, 0x12, 0xc0, 0x22, 0x86, 0x5d, 0x71, 0x95, 0x60,
    0xd8, 0x80, 0x08, 0x92, 0x01, 0x28, 0x42, 0x55, 0xa4, 0x62, 0x25, 0x80,
    0x45, 0x0c, 0xbe, 0x12, 0x2b, 0xc1, 0xb0, 0x01, 0x11, 0x2c, 0x03, 0x50,
    0x47, 0xab, 0x48, 0xe9, 0x49, 0x00, 0x8b, 0x18, 0xc2, 0x85, 0x56, 0x82,
    0x61, 0x03, 0x22, 0x68, 0x06, 0xa0, 0x14, 0x58, 0x91, 0xe2, 0x93, 0x00,
    0x16, 0x31, 0x90, 0xcb, 0xad, 0x04, 0xc3, 0x06, 0x44, 0xf0, 0x0c, 0xc0,
    0x2c, 0xc1, 0x18, 0x0c, 0x54, 0x6c, 0x74, 0x23, 0x06, 0x3e, 0x15, 0x06,
    0xb3, 0x0c, 0x64, 0x50, 0x06, 0x41, 0xfd, 0xc6, 0x9d, 0x5c, 0xb1, 0x47,
    0xad, 0x5c, 0x09, 0x01, 0x54, 0xf0, 0x1b, 0x30, 0x62, 0x80, 0x00, 0x20,
    0x08, 0x06, 0x1f, 0xb8, 0xac, 0x4a, 0x7c, 0x04, 0xaa, 0x32, 0x9a, 0x10,
    0x00, 0xa3, 0x09, 0x42, 0x30, 0x9a, 0x30, 0x08, 0xa3, 0x09, 0xc4, 0x30,
    0x4b, 0x50, 0x06, 0x03, 0x15, 0x03, 0x42, 0x06, 0xa4, 0x35, 0x06, 0x03,
    0x15, 0x03, 0x42, 0x06, 0xa6, 0x35, 0x06, 0x03, 0x15, 0x03, 0x42, 0x06,
    0xa8, 0x35, 0x06, 0x03, 0x15, 0x03, 0x42, 0x06, 0xaa, 0x35, 0x06, 0xb3,
    0x0c, 0x66, 0x70, 0x06, 0xe8, 0x51, 0xec, 0xc1, 0x2a, 0x57, 0x41, 0x7e,
    0x40, 0x05, 0xe3, 0x22, 0x95, 0x2e, 0x01, 0x2c, 0x62, 0xb8, 0x17, 0x75,
    0x09, 0x86, 0x0d, 0x88, 0x20, 0x19, 0x80, 0x22, 0xcc, 0x45, 0xaa, 0x5d,
    0x02, 0x58, 0xc4, 0xa0, 0x2f, 0xed, 0x12, 0x0c, 0x1b, 0x10, 0xc1, 0x32,
    0x00, 0x75, 0xa4, 0x8b, 0x94, 0xad, 0x04, 0xb0, 0x88, 0xa1, 0x5f, 0xe0,
    0x25, 0x18, 0x36, 0x20, 0x82, 0x66, 0x00, 0x4a, 0x61, 0x17, 0x29, 0x5c,
    0x09, 0x60, 0x11, 0x03, 0xc8, 0xcc, 0x4b, 0x30, 0x6c, 0x40, 0x04, 0xcf,
    0x00, 0xcc, 0x12, 0x9c, 0xc1, 0x40, 0xc5, 0x66, 0x5b, 0x65, 0xc0, 0x3e,
    0x66, 0x30, 0x62, 0x60, 0x00, 0x20, 0x08, 0x06, 0x4f, 0xbf, 0xe8, 0x0a,
    0xbd, 0xcc, 0x32, 0xa0, 0x41, 0x1a, 0x04, 0x75, 0x22, 0xf4, 0x22, 0x15,
    0xc4, 0x8b, 0xd4, 0xbd, 0x04, 0xb0, 0x88, 0xa1, 0x64, 0xf0, 0x25, 0xa0,
    0x60, 0x18, 0x55, 0xd4, 0x8b, 0x14, 0xbf, 0x04, 0xb0, 0x88, 0x21, 0x65,
    0xf8, 0x25, 0xa0, 0x60, 0x18, 0x95, 0xe4, 0x8b, 0x94, 0xb9, 0x04, 0xb0,
    0x88, 0xa1, 0x65, 0x40, 0x26, 0xa0, 0x60, 0x18, 0xd5, 0xf4, 0x8b, 0x54,
    0xba, 0x04, 0xb0, 0x88, 0x21, 0x66, 0x48, 0x26, 0xa0, 0x60, 0x18, 0x15,
    0x9d, 0x0c, 0x54, 0x20, 0x32, 0x52, 0x28, 0x13, 0xc0, 0x22, 0x06, 0x9b,
    0x49, 0x99, 0x80, 0x82, 0x61, 0x54, 0x61, 0x32, 0x52, 0x2d, 0x13, 0xc0,
    0x22, 0x06, 0x9d, 0x69, 0x99, 0x80, 0x82, 0x61, 0x54, 0xa2, 0x32, 0x52,
    0xf7, 0x12, 0xc0, 0x22, 0x06, 0x9f, 0x89, 0x99, 0x80, 0x82, 0x61, 0x54,
    0xe3, 0x32, 0x52, 0xfa, 0x12, 0xc0, 0x22, 0x06, 0xb1, 0xa9, 0x99, 0x80,
    0x82, 0x61, 0x94, 0x18, 0xf8, 0x0b, 0x54, 0x30, 0x33, 0x52, 0x39, 0x13,
    0xc0, 0x22, 0x86, 0xb3, 0xd1, 0x99, 0x80, 0x82, 0x61, 0x54, 0x71, 0x33,
    0x52, 0x3e, 0x13, 0xc0, 0x22, 0x86, 0xb5, 0xf1, 0x99, 0x80, 0x82, 0x61,
    0x54, 0xb2, 0x33, 0x52, 0x28, 0x13, 0xc0, 0x22, 0x86, 0xb7, 0x11, 0x9b,
    0x80, 0x82, 0x61, 0x54, 0xf3, 0x33, 0x52, 0x2b, 0x13, 0xc0, 0x22, 0x86,
    0xb9, 0x31, 0x9b, 0x80, 0x82, 0x61, 0xd4, 0x1c, 0xb8, 0x0c, 0x54, 0x40,
    0x36, 0x52, 0x6a, 0x13, 0xc0, 0x22, 0x06, 0xbc, 0x59, 0x9b, 0x80, 0x82,
    0x61, 0x54, 0x81, 0x36, 0x52, 0x6f, 0x13, 0xc0, 0x22, 0x06, 0xbe, 0x79,
    0x9b, 0x80, 0x82, 0x61, 0x54, 0xc2, 0x36, 0x52, 0x39, 0x13, 0xc0, 0x22,
    0x06, 0xd0, 0x99, 0x9b, 0x80, 0x82, 0x61, 0x54, 0x03, 0x37, 0x52, 0x3c,
    0x13, 0xc0, 0x22, 0x06, 0xd2, 0xb9, 0x9b, 0x80, 0x82, 0x61, 0x14, 0x29,
    0xd0, 0x0d, 0x54, 0x50, 0x37, 0x52, 0x7b, 0x13, 0xc0, 0x22, 0x86, 0xd4,
    0xe1, 0x9b, 0x80, 0x82, 0x61, 0x54, 0x91, 0x37, 0x52, 0xa0, 0x13, 0xc0,
    0x22, 0x86, 0xd6, 0x01, 0x9d, 0x80, 0x82, 0x61, 0x54, 0xd2, 0x37, 0x52,
    0x6a, 0x13, 0xc0, 0x22, 0x86, 0xd8, 0x21, 0x9d, 0x80, 0x82, 0x61, 0x54,
    0x13, 0x3a, 0x52, 0x6d, 0x13, 0xc0, 0x22, 0x86, 0xda, 0x41, 0x9d, 0x80,
    0x82, 0x61, 0x54, 0x2d, 0xa4, 0x0d, 0x54, 0x60, 0x3a, 0x52, 0xac, 0x13,
    0xc0, 0x22, 0x06, 0xdd, 0x69, 0x9d, 0x80, 0x82, 0x61, 0x54, 0xa1, 0x3a,
    0x52, 0xb1, 0x13, 0xc0, 0x22, 0x06, 0xdf, 0x89, 0x9d, 0x80, 0x82, 0x61,
    0x54, 0xe2, 0x3a, 0x52, 0x7b, 0x13, 0xc0, 0x22, 0x06, 0xf1, 0xa9, 0x9d,
    0x80, 0x82, 0x61, 0x54, 0x23, 0x3b, 0x52, 0x7e, 0x13, 0xc0, 0x22, 0x06,
    0xf3, 0xc9, 0x9d, 0x80, 0x82, 0x61, 0x94, 0x39, 0xe4, 0x0e, 0x54, 0x70,
    0x3b, 0x52, 0xbd, 0x13, 0xc0, 0x22, 0x86, 0xf5, 0xf1, 0x9d, 0x80, 0x82,
    0x61, 0x54, 0xb1, 0x3b, 0x52, 0xe2, 0x13, 0xc0, 0x22, 0x86, 0xf7, 0x11,
    0x9f, 0x80, 0x82, 0x61, 0x54, 0xf2, 0x3b, 0x52, 0xac, 0x13, 0xc0, 0x22,
    0x86, 0xf9, 0x31, 0x9f, 0x80, 0x82, 0x61, 0x54, 0x33, 0x3e, 0x52, 0xaf,
    0x13, 0xc0, 0x22, 0x86, 0xfb, 0x51, 0x9f, 0x80, 0x82, 0x61, 0xd4, 0x3d,
    0xa8, 0x0e, 0x54, 0x80, 0x3e, 0x52, 0xee, 0x13, 0xc0, 0x22, 0x06, 0xfe,
    0x79, 0x9f, 0x80, 0x82, 0x61, 0x54, 0xc1, 0x3e, 0x52, 0xf3, 0x13, 0xc0,
    0x22, 0x06, 0x10, 0x9a, 0x9f, 0x80, 0x82, 0x61, 0x54, 0x02, 0x3f, 0x52,
    0xbd, 0x13, 0xc0, 0x22, 0x06, 0x12, 0xba, 0x9f, 0x80, 0x82, 0x61, 0x54,
    0x43, 0x3f, 0x52, 0xe0, 0x13, 0xc0, 0x22, 0x06, 0x14, 0xda, 0x9f, 0x80,
    0x82, 0x61, 0x14, 0x4a, 0xa0, 0x0f, 0x54, 0x90, 0x3f, 0x52, 0xff, 0x13,
    0xc0, 0x22, 0x86, 0x16, 0x02, 0xa1, 0x80, 0x82, 0x61, 0x54, 0xd1, 0x3f,
    0x52, 0x24, 0x14, 0xc0, 0x22, 0x86, 0x18, 0x22, 0xa1, 0x80, 0x82, 0x61,
    0x54, 0x12, 0x42, 0x52, 0xee, 0x13, 0xc0, 0x22, 0x86, 0x1a, 0x42, 0xa1,
    0x80, 0x82, 0x61, 0x54, 0x53, 0x42, 0x52, 0xf1, 0x13, 0xc0, 0x22, 0x86,
    0x1c, 0x62, 0xa1, 0x80, 0x82, 0x61, 0x54, 0x4d, 0x8c, 0x8f, 0x8e, 0x18,
    0x18, 0x00, 0x08, 0x82, 0x41, 0x64, 0x43, 0xe9, 0x13, 0xd4, 0x4d, 0xa8,
    0x10, 0x8e, 0x18, 0x18, 0x00, 0x08, 0x82, 0x41, 0x84, 0x43, 0xeb, 0x13,
    0x14, 0xcf, 0x90, 0x0d, 0x54, 0x00, 0x3f, 0x57, 0x37, 0x71, 0x3f, 0x5a,
    0x34, 0x81, 0x3f, 0x7a, 0x02, 0x50, 0x86, 0x04, 0xf2, 0xb9, 0x01, 0x28,
    0x43, 0x02, 0xf9, 0x54, 0x4f, 0x94, 0x10, 0x56, 0xe0, 0x3f, 0x5a, 0x3b,
    0x71, 0x42, 0x58, 0x01, 0x08, 0xe9, 0x0d, 0x40, 0x19, 0x14, 0xc8, 0xe7,
    0x06, 0xa0, 0x0c, 0x0a, 0xe4, 0x53, 0x38, 0x11, 0x43, 0x7a, 0x01, 0x50,
    0xa5, 0x13, 0x2f, 0x84, 0x15, 0xd0, 0x90, 0x5e, 0x00, 0x54, 0xf5, 0x44,
    0x18, 0x61, 0x05, 0x37, 0xa4, 0x17, 0x00, 0x55, 0x60, 0x41, 0x43, 0x58,
    0x81, 0x0e, 0xe9, 0x05, 0x40, 0x8d, 0x18, 0x20, 0x00, 0x08, 0x82, 0xc1,
    0x07, 0x47, 0x3b, 0x24, 0x3a, 0x9a, 0x0e, 0x8d, 0x26, 0x04, 0xc0, 0x68,
    0x82, 0x10, 0x8c, 0x26, 0x0c, 0xc2, 0x68, 0x02, 0x31, 0x1c, 0x01, 0xec,
    0x11, 0xc0, 0x1e, 0x01, 0xec, 0x11, 0xc0, 0xda, 0x37, 0xc9, 0xc7, 0xc0,
    0x20, 0x92, 0x8f, 0x85, 0xc1, 0x23, 0x1f, 0x13, 0x83, 0x46, 0x3e, 0x46,
    0x84, 0x41, 0x7c, 0x8c, 0x10, 0x83, 0xf8, 0x18, 0x31, 0x06, 0xf1, 0x31,
    0x82, 0x0c, 0xe2, 0x33, 0x62, 0xd0, 0x00, 0x20, 0x08, 0x06, 0x13, 0x29,
    0xa9, 0x11, 0x31, 0x08, 0x01, 0xb3, 0x28, 0x89, 0x05, 0xaa, 0x03, 0x9f,
    0x92, 0x8b, 0x37, 0xd2, 0x0b, 0x80, 0x2a, 0xba, 0x68, 0x23, 0xac, 0x40,
    0x8e, 0xf4, 0x02, 0xa0, 0xea, 0x2e, 0xfe, 0x08, 0x2b, 0xa8, 0x23, 0xbd,
    0x00, 0xa8, 0xd2, 0x0b, 0x39, 0xc2, 0x0a, 0xf0, 0x48, 0x2f, 0x00, 0xaa,
    0xf0, 0xa0, 0x94, 0x76, 0xc4, 0x00, 0x01, 0x40, 0x10, 0x0c, 0xbe, 0x57,
    0xd2, 0xa3, 0xf0, 0x09, 0xf2, 0x68, 0x34, 0x21, 0x00, 0x46, 0x13, 0x84,
    0x60, 0x34, 0x61, 0x10, 0x46, 0x13, 0x88, 0xe1, 0x08, 0x60, 0x8f, 0x00,
    0xf6, 0x08, 0x60, 0x8f, 0x00, 0xd6, 0xfc, 0x80, 0x92, 0x8f, 0xfd, 0x81,
    0x24, 0x1f, 0x03, 0x05, 0x48, 0x3e, 0x16, 0x0a, 0x8e, 0x7c, 0x8c, 0x00,
    0x85, 0xf8, 0x18, 0x11, 0x0a, 0xf1, 0x31, 0x42, 0x14, 0xe2, 0x63, 0xc4,
    0x28, 0xc4, 0x67, 0xc4, 0xa0, 0x01, 0x40, 0x10, 0x0c, 0xa6, 0x71, 0x4a,
    0x25, 0x62, 0x10, 0x02, 0x66, 0x51, 0x12, 0xfb, 0x02, 0xf8, 0x54, 0x6b,
    0xb8, 0x92, 0x5e, 0x00, 0x54, 0xbd, 0x06, 0x2b, 0x61, 0x05, 0xb1, 0xa4,
    0x17, 0x00, 0x55, 0xb2, 0xe1, 0x4b, 0x58, 0x01, 0x2d, 0xe9, 0x05, 0x40,
    0x55, 0x6d, 0xc4, 0x12, 0x56, 0x70, 0x4b, 0x7a, 0x01, 0x50, 0x75, 0x0b,
    0xe3, 0xb4, 0x23, 0x06, 0x08, 0x00, 0x82, 0x60, 0xf0, 0xb9, 0x53, 0x2e,
    0x81, 0x50, 0x80, 0x4b, 0xa3, 0x09, 0x01, 0x30, 0x9a, 0x20, 0x04, 0xa3,
    0x09, 0x83, 0x30, 0x9a, 0x40, 0x0c, 0x47, 0x00, 0x7b, 0x04, 0xb0, 0x47,
    0x00, 0x7b, 0x04, 0xb0, 0xd6, 0x0b, 0x94, 0x7c, 0xcc, 0x17, 0x24, 0xf9,
    0xd8, 0x2f, 0x40, 0xf2, 0x31, 0x70, 0x70, 0xe4, 0x63, 0xc4, 0x2f, 0xc4,
    0xc7, 0x08, 0x70, 0x88, 0x8f, 0x11, 0xe1, 0x10, 0x1f, 0x23, 0xc4, 0x21,
    0x3e, 0x23, 0x06, 0x0d, 0x00, 0x82, 0x60, 0x30, 0x89, 0x14, 0x3a, 0x11,
    0x83, 0x10, 0x30, 0x8b, 0x92, 0xd8, 0x17, 0xc0, 0xa7, 0xd0, 0xa3, 0x9d,
    0xf4, 0x02, 0xa0, 0x4a, 0x3d, 0xd6, 0x09, 0x2b, 0x80, 0x27, 0xbd, 0x00,
    0xa8, 0x6a, 0x8f, 0x7e, 0xc2, 0x0a, 0xe6, 0x49, 0x2f, 0x00, 0xaa, 0xe0,
    0x03, 0x9e, 0xb0, 0x02, 0x7b, 0xd2, 0x0b, 0x80, 0x2a, 0x7b, 0x68, 0xa7,
    0x1d, 0x31, 0x40, 0x00, 0x10, 0x04, 0x83, 0xaf, 0xa5, 0xf0, 0xe9, 0x87,
    0x82, 0x7b, 0x1a, 0x4d, 0x08, 0x80, 0xd1, 0x04, 0x21, 0x18, 0x4d, 0x18,
    0x84, 0xd1, 0x04, 0x62, 0x38, 0x02, 0xd8, 0x23, 0x80, 0x3d, 0x02, 0xd8,
    0x23, 0x80, 0x35, 0x7e, 0xa0, 0xe4, 0x63, 0xfd, 0x20, 0xc9, 0xc7, 0xfc,
    0x01, 0x92, 0x8f, 0xfd, 0x83, 0x23, 0x1f, 0x23, 0xfc, 0x21, 0x3e, 0x46,
    0xfc, 0x43, 0x7c, 0x8c, 0x00, 0x89, 0xf8, 0x18, 0x11, 0x12, 0xf1, 0x19,
    0x31, 0x68, 0x00, 0x10, 0x04, 0x83, 0x29, 0xac, 0x4e, 0x8a, 0x18, 0x84,
    0x80, 0x59, 0x94, 0xc4, 0xbe, 0x00, 0x3e, 0x25, 0x22, 0x2c, 0xa5, 0x17,
    0x00, 0x55, 0x24, 0xa2, 0x52, 0x58, 0xc1, 0x4b, 0xe9, 0x05, 0x40, 0xd5,
    0x89, 0xf0, 0x14, 0x56, 0x20, 0x53, 0x7a, 0x01, 0x50, 0xa5, 0x22, 0x2f,
    0x85, 0x15, 0xd4, 0x94, 0x5e, 0x00, 0x54, 0xd5, 0x04, 0x3f, 0xed, 0x88,
    0x01, 0x02, 0x80, 0x20, 0x18, 0x7c, 0x6c, 0x75, 0x53, 0x7e, 0x14, 0xd8,
    0xd4, 0x68, 0x42, 0x00, 0x8c, 0x26, 0x08, 0xc1, 0x68, 0xc2, 0x20, 0x8c,
    0x26, 0x10, 0xc3, 0x11, 0xc0, 0x1e, 0x01, 0xec, 0x11, 0xc0, 0x1e, 0x01,
    0xac, 0xed, 0x04, 0x25, 0x1f, 0xe3, 0x09, 0x49, 0x3e, 0xd6, 0x13, 0x90,
    0x7c, 0xcc, 0x27, 0x1c, 0xf9, 0x18, 0xd1, 0x13, 0xf1, 0x31, 0xc2, 0x27,
    0xe2, 0x63, 0xc4, 0x4f, 0xc4, 0xc7, 0x08, 0xb0, 0x88, 0xcf, 0x88, 0x41,
    0x03, 0x80, 0x20, 0x18, 0x4c, 0xa0, 0x65, 0x56, 0xc4, 0x20, 0x04, 0xcc,
    0xa2, 0x24, 0xf6, 0x05, 0xf0, 0xa9, 0x1e, 0x59, 0x2b, 0xbd, 0x00, 0xa8,
    0xfa, 0x91, 0xb4, 0xc2, 0x0a, 0xdc, 0x4a, 0x2f, 0x00, 0xaa, 0xc4, 0x64,
    0xaf, 0xb0, 0x82, 0xb8, 0xd2, 0x0b, 0x80, 0xaa, 0x32, 0x71, 0x2b, 0xac,
    0x80, 0xae, 0xf4, 0x02, 0xa0, 0x8a, 0x2e, 0xd8, 0x6a, 0x47, 0x0c, 0x10,
    0x00, 0x04, 0xc1, 0xe0, 0x5b, 0x2d, 0xbb, 0xea, 0xa5, 0xa0, 0xae, 0x46,
    0x13, 0x02, 0x60, 0x34, 0x41, 0x08, 0x46, 0x13, 0x06, 0x61, 0x34, 0x81,
    0x18, 0x8e, 0x00, 0xf6, 0x08, 0x60, 0x8f, 0x00, 0xf6, 0x08, 0x60, 0x4d,
    0x2f, 0x28, 0xf9, 0xd8, 0x5e, 0x48, 0xf2, 0x31, 0xbe, 0x80, 0xe4, 0x63,
    0x7d, 0xe1, 0xc8, 0xc7, 0x08, 0xbe, 0x88, 0x8f, 0x11, 0x7d, 0x11, 0x1f,
    0x23, 0xfc, 0x22, 0x3e, 0x46, 0xfc, 0x45, 0x7c, 0x46, 0x0c, 0x1a, 0x00,
    0x04, 0xc1, 0x60, 0xfa, 0xad, 0xd2, 0x22, 0x06, 0x21, 0x60, 0x16, 0x25,
    0xb1, 0x2f, 0x80, 0x4f, 0xe1, 0x89, 0x6a, 0xe9, 0x05, 0x40, 0x95, 0x9e,
    0xa0, 0x16, 0x56, 0xd0, 0x5a, 0x7a, 0x01, 0x50, 0xd5, 0x27, 0xba, 0x85,
    0x15, 0xc0, 0x96, 0x5e, 0x00, 0x54, 0x81, 0x4a, 0x6b, 0x61, 0x05, 0xb3,
    0xa5, 0x17, 0x00, 0x55, 0xb3, 0x71, 0x5a, 0x3b, 0x62, 0x80, 0x00, 0x20,
    0x08, 0x06, 0x9f, 0x7a, 0xd5, 0x16, 0x3f, 0x05, 0xb4, 0x35, 0x9a, 0x10,
    0x00, 0xa3, 0x09, 0x42, 0x30, 0x9a, 0x30, 0x08, 0xa3, 0x09, 0xc4, 0x70,
    0x04, 0xb0, 0x47, 0x00, 0x7b, 0x04, 0xb0, 0x47, 0x00, 0x6b, 0xb9, 0x41,
    0xc9, 0xc7, 0x74, 0x43, 0x92, 0x8f, 0xed, 0x06, 0x24, 0x1f, 0xe3, 0x0d,
    0x47, 0x3e, 0x46, 0xec, 0x46, 0x7c, 0x8c, 0xe0, 0x8d, 0xf8, 0x18, 0xd1,
    0x1b, 0xf1, 0x31, 0xc2, 0x37, 0xe2, 0x33, 0x62, 0xd0, 0x00, 0x20, 0x08,
    0x06, 0x93, 0x7f, 0x91, 0x17, 0x31, 0x08, 0x01, 0xb3, 0x28, 0x89, 0x7d,
    0x01, 0x7c, 0x6a, 0x56, 0xd2, 0x4b, 0x2f, 0x00, 0xaa, 0x6a, 0xe5, 0xbc,
    0xb0, 0x02, 0xf6, 0xd2, 0x0b, 0x80, 0x2a, 0x5c, 0xc9, 0x2f, 0xac, 0xe0,
    0xbd, 0xf4, 0x02, 0xa0, 0x6a, 0x57, 0xd8, 0x0b, 0x2b, 0x90, 0x2f, 0xbd,
    0x00, 0xa8, 0x92, 0x0f, 0xf0, 0xda, 0x11, 0x03, 0x04, 0x00, 0x41, 0x30,
    0xf8, 0x52, 0x8c, 0xbe, 0x76, 0x2a, 0x98, 0xaf, 0xd1, 0x84, 0x00, 0x18,
    0x4d, 0x10, 0x82, 0xd1, 0x84, 0x41, 0x18, 0x4d, 0x20, 0x86, 0x23, 0x80,
    0x3d, 0x02, 0xd8, 0x23, 0x80, 0x3d, 0x02, 0x58, 0xc3, 0x0f, 0x4a, 0x3e,
    0x96, 0x1f, 0x92, 0x7c, 0x4c, 0x3f, 0x20, 0xf9, 0xd8, 0x7e, 0x38, 0xf2,
    0x31, 0x42, 0x3f, 0xe2, 0x63, 0xc4, 0x7e, 0xc4, 0xc7, 0x08, 0xfe, 0x88,
    0x8f, 0x11, 0xfd, 0x11, 0x9f, 0x11, 0x83, 0x06, 0x00, 0x41, 0x30, 0x98,
    0x7a, 0x6c, 0xc4, 0x88, 0x41, 0x08, 0x98, 0x45, 0x49, 0xec, 0x0b, 0xe0,
    0x53, 0x2f, 0x43, 0x63, 0x58, 0x41, 0x8a, 0xe9, 0x05, 0x40, 0x95, 0xcc,
    0xe0, 0x18, 0x56, 0xc0, 0x62, 0x7a, 0x01, 0x50, 0x55, 0x33, 0x28, 0x86,
    0x15, 0xbc, 0x98, 0x5e, 0x00, 0x54, 0xe1, 0x8c, 0x8a, 0xe1, 0x05, 0x40,
    0x55, 0x8c, 0xdc, 0xd7, 0x8e, 0x18, 0x20, 0x00, 0x08, 0x82, 0xc1, 0x87,
    0x66, 0x33, 0xa6, 0x57, 0x81, 0x8c, 0x8d, 0x26, 0x04, 0xc0, 0x68, 0x82,
    0x10, 0x8c, 0x26, 0x0c, 0xc2, 0x68, 0x02, 0x31, 0x1c, 0x01, 0xec, 0x11,
    0xc0, 0x1e, 0x01, 0xec, 0x11, 0xc0, 0xda, 0x8b, 0x4c, 0xf2, 0x31, 0x18,
    0x89, 0xe4, 0x63, 0x31, 0xf2, 0xc8, 0xc7, 0x64, 0xc4, 0x91, 0x8f, 0x11,
    0x31, 0x12, 0x1f, 0x23, 0x64, 0x24, 0x3e, 0x46, 0xcc, 0x48, 0x7c, 0x8c,
    0xa0, 0x91, 0xf8, 0x8c, 0x18, 0x34, 0x00, 0x08, 0x82, 0xc1, 0xc4, 0x67,
    0x62, 0x46, 0x0c, 0x42, 0xc0, 0x2c, 0x4a, 0x62, 0x5f, 0x00, 0x9f, 0x52,
    0x9b, 0x39, 0xc3, 0x0a, 0xd0, 0x4c, 0x2f, 0x00, 0xaa, 0xda, 0xe6, 0xce,
    0xb0, 0x82, 0x35, 0xd3, 0x0b, 0x80, 0x2a, 0xb8, 0x39, 0x33, 0xac, 0xc0,
    0xcd, 0xf4, 0x02, 0xa0, 0x6a, 0x6e, 0xd2, 0x0c, 0x2f, 0x00, 0xaa, 0xe0,
    0xe4, 0xc7, 0x76, 0xc4, 0x00, 0x01, 0x40, 0x10, 0x0c, 0xbe, 0x53, 0x93,
    0xb3, 0xdc, 0x0a, 0xe2, 0x6c, 0x34, 0x21, 0x00, 0x46, 0x13, 0x84, 0x60,
    0x34, 0x61, 0x10, 0x46, 0x13, 0x88, 0xe1, 0x08, 0x60, 0x8f, 0x00, 0xf6,
    0x08, 0x60, 0x8f, 0x00, 0xd6, 0xdc, 0x64, 0x92, 0x8f, 0xbd, 0x49, 0x24,
    0x1f, 0x83, 0x93, 0x47, 0x3e, 0x16, 0x27, 0x8e, 0x7c, 0x8c, 0x80, 0x93,
    0xf8, 0x18, 0x11, 0x27, 0xf1, 0x31, 0x42, 0x4e, 0xe2, 0x63, 0xc4, 0x9c,
    0xc4, 0x67, 0xc4, 0xa0, 0x01, 0x40, 0x10, 0x0c, 0xa6, 0x5d, 0x0b, 0x35,
    0x62, 0x10, 0x02, 0x66, 0x51, 0x12, 0xfb, 0x02, 0xf8, 0x54, 0xe9, 0xc8,
    0x1a, 0x56, 0x70, 0x6a, 0x7a, 0x01, 0x50, 0x85, 0x3a, 0xb6, 0x86, 0x15,
    0xa8, 0x9a, 0x5e, 0x00, 0x54, 0xad, 0x8e, 0xa9, 0x61, 0x05, 0xad, 0xa6,
    0x17, 0x00, 0x55, 0xae, 0x83, 0x6a, 0x78, 0x01, 0x50, 0xf5, 0x2a, 0x74,
    0xb6, 0x23, 0x06, 0x08, 0x00, 0x82, 0x60, 0xf0, 0x99, 0x5b, 0xac, 0xe1,
    0x57, 0x00, 0x6b, 0xa3, 0x09, 0x01, 0x30, 0x9a, 0x20, 0x04, 0xa3, 0x09,
    0x83, 0x30, 0x9a, 0x40, 0x0c, 0x47, 0x00, 0x7b, 0x04, 0xb0, 0x47, 0x00,
    0x7b, 0x04, 0xb0, 0xd6, 0x2a, 0x93, 0x7c, 0xcc, 0x55, 0x22, 0xf9, 0xd8,
    0xab, 0x3c, 0xf2, 0x31, 0x58, 0x71, 0xe4, 0x63, 0xc4, 0xab, 0xc4, 0xc7,
    0x08, 0x58, 0x89, 0x8f, 0x11, 0xb1, 0x12, 0x1f, 0x23, 0x64, 0x25, 0x3e,
    0x23, 0x06, 0x0d, 0x00, 0x82, 0x60, 0x30, 0xe9, 0x1b, 0xb8, 0x11, 0x83,
    0x10, 0x30, 0x8b, 0x92, 0xd8, 0x17, 0xc0, 0xa7, 0xc0, 0x27, 0xde, 0xb0,
    0x02, 0x73, 0xd3, 0x0b, 0x80, 0xaa, 0xf1, 0xa9, 0x37, 0xac, 0x20, 0xdd,
    0xf4, 0x02, 0xa0, 0xca, 0x7c, 0xca, 0x0d, 0x2b, 0x60, 0x37, 0xbd, 0x00,
    0xa8, 0x4a, 0x9f, 0x73, 0xc3, 0x0b, 0x80, 0x2a, 0x77, 0x91, 0xb5, 0x1d,
    0x31, 0x40, 0x00, 0x10, 0x04, 0x83, 0xaf, 0xe4, 0xe0, 0xed, 0xc6, 0x82,
    0x77, 0x1b, 0x4d, 0x08, 0x80, 0xd1, 0x04, 0x21, 0x18, 0x4d, 0x18, 0x84,
    0xd1, 0x04, 0x62, 0x38, 0x02, 0xd8, 0x23, 0x80, 0x3d, 0x02, 0xd8, 0x23,
    0x80, 0x35, 0x76, 0x99, 0xe4, 0x63, 0xed, 0x12, 0xc9, 0xc7, 0xdc, 0xe5,
    0x91, 0x8f, 0xbd, 0x8b, 0x23, 0x1f, 0x23, 0xdc, 0x25, 0x3e, 0x46, 0xbc,
    0x4b, 0x7c, 0x8c, 0x80, 0x97, 0xf8, 0x18, 0x11, 0x2f, 0xf1, 0x19, 0x31,
    0x68, 0x00, 0x10, 0x04, 0x83, 0x29, 0xe7, 0xfe, 0x8d, 0x18, 0x84, 0x80,
    0x59, 0x94, 0xc4, 0xbe, 0x00, 0x3e, 0xa5, 0x3f, 0x30, 0x87, 0x15, 0x94,
    0x9c, 0x5e, 0x00, 0x54, 0xf5, 0x0f, 0xcd, 0x61, 0x05, 0x28, 0xa7, 0x17,
    0x00, 0x55, 0x20, 0x44, 0x72, 0x58, 0xc1, 0xca, 0xe9, 0x05, 0x40, 0xd5,
    0x08, 0x99, 0x1c, 0x5e, 0x00, 0x54, 0xb5, 0x0c, 0xbc, 0xed, 0x88, 0x01,
    0x02, 0x80, 0x20, 0x18, 0x7c, 0x64, 0xf7, 0x72, 0x76, 0x16, 0xb8, 0xdc,
    0x68, 0x42, 0x00, 0x8c, 0x26, 0x08, 0xc1, 0x68, 0xc2, 0x20, 0x8c, 0x26,
    0x10, 0xc3, 0x11, 0xc0, 0x1e, 0x01, 0xec, 0x11, 0xc0, 0x1e, 0x01, 0xac,
    0xad, 0xcc, 0x24, 0x1f, 0x63, 0x99, 0x48, 0x3e, 0xd6, 0x32, 0x8f, 0x7c,
    0xcc, 0x65, 0x1c, 0xf9, 0x18, 0xd1, 0x32, 0xf1, 0x31, 0xc2, 0x65, 0xe2,
    0x63, 0xc4, 0xcb, 0xc4, 0xc7, 0x08, 0x98, 0x89, 0xcf, 0x88, 0x41, 0x03,
    0x80, 0x20, 0x18, 0x4c, 0x78, 0xe7, 0x73, 0xc4, 0x20, 0x04, 0xcc, 0xa2,
    0x24, 0xf6, 0x05, 0xf0, 0xa9, 0x1a, 0x7a, 0x3b, 0xac, 0x80, 0xec, 0xf4,
    0x02, 0xa0, 0x0a, 0x87, 0xe6, 0x0e, 0x2b, 0x38, 0x3b, 0xbd, 0x00, 0xa8,
    0xda, 0xa1, 0xb1, 0xc3, 0x0a, 0xd4, 0x4e, 0x2f, 0x00, 0xaa, 0x7c, 0xa8,
    0xec, 0xf0, 0x02, 0xa0, 0x8a, 0x6d, 0x5c, 0x6e, 0x47, 0x0c, 0x10, 0x00,
    0x04, 0xc1, 0xe0, 0x1b, 0x3d, 0xb7, 0xab, 0xb5, 0xa0, 0xed, 0x46, 0x13,
    0x02, 0x60, 0x34, 0x41, 0x08, 0x46, 0x13, 0x06, 0x61, 0x34, 0x81, 0x18,
    0x8e, 0x00, 0xf6, 0x08, 0x60, 0x8f, 0x00, 0xf6, 0x08, 0x60, 0x4d, 0x6d,
    0x26, 0xf9, 0xd8, 0xda, 0x44, 0xf2, 0x31, 0xb6, 0x79, 0xe4, 0x63, 0x6d,
    0xe3, 0xc8, 0xc7, 0x08, 0xb6, 0x89, 0x8f, 0x11, 0x6d, 0x13, 0x1f, 0x23,
    0xdc, 0x26, 0x3e, 0x46, 0xbc, 0x4d, 0x7c, 0x46, 0x0c, 0x1a, 0x00, 0x04,
    0xc1, 0x60, 0xba, 0xbd, 0xbe, 0x23, 0x06, 0x21, 0x60, 0x16, 0x25, 0xb1,
    0x2f, 0x80, 0x4f, 0xc1, 0x91, 0xeb, 0x61, 0x05, 0xa3, 0xa7, 0x17, 0x00,
    0x55, 0x73, 0x24, 0x7b, 0x58, 0x81, 0xe9, 0xe9, 0x05, 0x40, 0x95, 0x1d,
    0x89, 0x1e, 0x56, 0x90, 0x7a, 0x7a, 0x01, 0x50, 0x95, 0x47, 0xa4, 0x87,
    0x17, 0x00, 0x55, 0xab, 0xc3, 0x76, 0x3b, 0x62, 0x80, 0x00, 0x20, 0x08,
    0x06, 0x9f, 0xf8, 0xb5, 0x1e, 0xbd, 0x05, 0xac, 0x37, 0x9a, 0x10, 0x00,
    0xa3, 0x09, 0x42, 0x30, 0x9a, 0x30, 0x08, 0xa3, 0x09, 0xc4, 0x70, 0x04,
    0xb0, 0x47, 0x00, 0x7b, 0x04, 0xb0, 0x47, 0x00, 0x6b, 0xa9, 0x33, 0xc9,
    0xc7, 0x54, 0x27, 0x92, 0x8f, 0xad, 0xce, 0x23, 0x1f, 0x63, 0x1d, 0x47,
    0x3e, 0x46, 0xac, 0x4e, 0x7c, 0x8c, 0x60, 0x9d, 0xf8, 0x18, 0xd1, 0x3a,
    0xf1, 0x31, 0xc2, 0x75, 0xe2, 0x33, 0x62, 0xd0, 0x00, 0x20, 0x08, 0x06,
    0x93, 0xfd, 0xf1, 0x1e, 0x31, 0x08, 0x01, 0xb3, 0x28, 0x89, 0x7d, 0x01,
    0x7c, 0x6a, 0x95, 0xda, 0x0f, 0x2b, 0x10, 0x3f, 0xbd, 0x00, 0xa8, 0x72,
    0xa5, 0xf8, 0xc3, 0x0a, 0xca, 0x4f, 0x2f, 0x00, 0xaa, 0x62, 0x29, 0xfc,
    0xb0, 0x02, 0xf4, 0xd3, 0x0b, 0x80, 0x2a, 0x5a, 0x1a, 0x3f, 0xbc, 0x00,
    0xa8, 0x52, 0x1f, 0xd5, 0xdb, 0x11, 0x03, 0x04, 0x00, 0x41, 0x30, 0xf8,
    0x42, 0x30, 0x60, 0xbf, 0x99, 0x0b, 0xd6, 0x6f, 0x34, 0x21, 0x00, 0x46,
    0x13, 0x84, 0x60, 0x34, 0x61, 0x10, 0x46, 0x13, 0x88, 0xe1, 0x08, 0x60,
    0x8f, 0x00, 0xf6, 0x08, 0x60, 0x8f, 0x00, 0xd6, 0xd0, 0x67, 0x92, 0x8f,
    0xa5, 0x4f, 0x24, 0x1f, 0x53, 0x9f, 0x47, 0x3e, 0xb6, 0x3e, 0x8e, 0x7c,
    0x8c, 0x50, 0x9f, 0xf8, 0x18, 0xb1, 0x3e, 0xf1, 0x31, 0x82, 0x7d, 0xe2,
    0x63, 0x44, 0xfb, 0xc4, 0x67, 0xc4, 0xa0, 0x01, 0x40, 0x10, 0x0c, 0xa6,
    0x1a, 0x0c, 0xf6, 0x8f, 0x18, 0x84, 0x80, 0x59, 0x94, 0xc4, 0xbe, 0x00,
    0x3e, 0x45, 0x53, 0x2b, 0x18, 0x60, 0x05, 0xf5, 0xa7, 0x25, 0x53, 0x2d,
    0x18, 0x60, 0x05, 0xf7, 0xa7, 0x37, 0x00, 0x65, 0x27, 0x14, 0xc8, 0xe7,
    0x06, 0xa0, 0xec, 0x84, 0x02, 0xf9, 0x14, 0x4f, 0x8d, 0x60, 0x80, 0x15,
    0xf4, 0x9f, 0x96, 0x4e, 0x95, 0x60, 0x80, 0x15, 0xfc, 0x9f, 0xde, 0x00,
    0x94, 0xbd, 0x50, 0x20, 0x9f, 0x1b, 0x80, 0xb2, 0x17, 0x0a, 0xe4, 0x53,
    0xf5, 0x04, 0x83, 0x81, 0x5e, 0x00, 0x54, 0xdd, 0x93, 0x0b, 0x06, 0x58,
    0xc1, 0x0c, 0x06, 0x7a, 0x01, 0x50, 0xa5, 0x4f, 0x60, 0x18, 0x60, 0x05,
    0x36, 0x18, 0xe8, 0x05, 0x40, 0x55, 0x3f, 0xcd, 0x60, 0x80, 0x15, 0xe4,
    0x60, 0xa0, 0x17, 0x00, 0x55, 0x39, 0x84, 0x7f, 0x3b, 0x62, 0x80, 0x00,
    0x20, 0x08, 0x06, 0x1f, 0x1c, 0x06, 0x3b, 0x18, 0x88, 0x5e, 0xa0, 0x83,
    0xc1, 0x68, 0x42, 0x00, 0x8c, 0x26, 0x08, 0xc1, 0x68, 0xc2, 0x20, 0x8c,
    0x26, 0x10, 0xc3, 0x11, 0xc0, 0x1e, 0x01, 0xec, 0x11, 0xc0, 0x1e, 0x01,
    0xac, 0x81, 0x01, 0x25, 0x1f, 0x0b, 0x03, 0x49, 0x3e, 0x26, 0x06, 0x90,
    0x7c, 0x6c, 0x0c, 0x1c, 0xf9, 0x18, 0x21, 0x06, 0xf1, 0x31, 0x62, 0x0c,
    0xe2, 0x63, 0x04, 0x19, 0xc4, 0xc7, 0x88, 0x32, 0x88, 0xcf, 0x88, 0x41,
    0x03, 0x80, 0x20, 0x18, 0x4c, 0xa4, 0x18, 0xa8, 0x61, 0x40, 0x0c, 0x42,
    0xc0, 0x2c, 0x4a, 0x62, 0x6f, 0x10, 0xc0, 0xa7, 0x60, 0xea, 0x0d, 0x03,
    0xbd, 0x00, 0xa8, 0x92, 0xa9, 0x36, 0x0c, 0xb0, 0x02, 0x39, 0x0c, 0xf4,
    0x02, 0xa0, 0xaa, 0xa6, 0xfe, 0x30, 0xc0, 0x0a, 0xea, 0x30, 0xd0, 0x0b,
    0x80, 0x2a, 0x9c, 0x92, 0xc3, 0x00, 0x2b, 0xc0, 0xc3, 0x40, 0x2f, 0x00,
    0xaa, 0xf0, 0xc8, 0x06, 0x83, 0x1d, 0x31, 0x40, 0x00, 0x10, 0x04, 0x83,
    0xef, 0x15, 0x03, 0x3d, 0x0c, 0xc2, 0x2f, 0xc8, 0xc3, 0x60, 0x34, 0x21,
    0x00, 0x46, 0x13, 0x84, 0x60, 0x34, 0x61, 0x10, 0x46, 0x13, 0x88, 0xe1,
    0x08, 0x60, 0x8f, 0x00, 0xf6, 0x08, 0x60, 0x8f, 0x00, 0xd6, 0xfe, 0x80,
    0x92, 0x8f, 0x81, 0x82, 0x24, 0x1f, 0x0b, 0x05, 0x48, 0x3e, 0x26, 0x0a,
    0x8e, 0x7c, 0x8c, 0x08, 0x85, 0xf8, 0x18, 0x21, 0x0a, 0xf1, 0x31, 0x62,
    0x14, 0xe2, 0x63, 0x04, 0x29, 0xc4, 0x67, 0xc4, 0xa0, 0x01, 0x40, 0x10,
    0x0c, 0xa6, 0x71, 0x0c, 0x52, 0x31, 0x20, 0x06, 0x21, 0x60, 0x16, 0x25,
    0xb1, 0x2f, 0x80, 0x4f, 0xad, 0x95, 0x2b, 0x06, 0x7a, 0x01, 0x50, 0xd5,
    0x56, 0xac, 0x18, 0x60, 0x05, 0xb1, 0x18, 0xe8, 0x05, 0x40, 0x15, 0x5c,
    0xf9, 0x62, 0x80, 0x15, 0xd0, 0x62, 0xa0, 0x17, 0x00, 0x55, 0x73, 0x15,
    0x8b, 0x01, 0x56, 0x70, 0x8b, 0x81, 0x5e, 0x00, 0x54, 0xdd, 0x12, 0x1d,
    0x06, 0x3b, 0x62, 0x80, 0x00, 0x20, 0x08, 0x06, 0x9f, 0x3b, 0x06, 0xb9,
    0x18, 0x80, 0x60, 0x10, 0xe0, 0x62, 0x30, 0x9a, 0x10, 0x00, 0xa3, 0x09,
    0x42, 0x30, 0x9a, 0x30, 0x08, 0xa3, 0x09, 0xc4, 0x70, 0x04, 0xb0, 0x47,
    0x00, 0x7b, 0x04, 0xb0, 0x47, 0x00, 0x6b, 0xbe, 0x40, 0xc9, 0xc7, 0x7e,
    0x41, 0x92, 0x8f, 0x81, 0x03, 0x24, 0x1f, 0x0b, 0x07, 0x47, 0x3e, 0x46,
    0x80, 0x43, 0x7c, 0x8c, 0x08, 0x87, 0xf8, 0x18, 0x21, 0x0e, 0xf1, 0x31,
    0x62, 0x1c, 0xe2, 0x33, 0x62, 0xd0, 0x00, 0x20, 0x08, 0x06, 0x93, 0x48,
    0x06, 0xe8, 0x18, 0x10, 0x83, 0x10, 0x30, 0x8b, 0x92, 0xd8, 0x17, 0xc0,
    0xa7, 0x4c, 0xab, 0x1d, 0x03, 0xbd, 0x00, 0xa8, 0x42, 0xad, 0x75, 0x0c,
    0xb0, 0x02, 0x78, 0x0c, 0xf4, 0x02, 0xa0, 0x6a, 0xb5, 0xfa, 0x31, 0xc0,
    0x0a, 0xe6, 0x31, 0xd0, 0x0b, 0x80, 0x2a, 0xd7, 0x82, 0xc7, 0x00, 0x2b,
    0xb0, 0xc7, 0x40, 0x2f, 0x00, 0xaa, 0xec, 0x49, 0x16, 0x83, 0x1d, 0x31,
    0x40, 0x00, 0x10, 0x04, 0x83, 0xaf, 0x25, 0x03, 0x7c, 0x0c, 0x7e, 0x30,
    0x08, 0xee, 0x31, 0x18, 0x4d, 0x08, 0x80, 0xd1, 0x04, 0x21, 0x18, 0x4d,
    0x18, 0x84, 0xd1, 0x04, 0x62, 0x38, 0x02, 0xd8, 0x23, 0x80, 0x3d, 0x02,
    0xd8, 0x23, 0x80, 0xb5, 0x7e, 0xa0, 0xe4, 0x63, 0xfe, 0x20, 0xc9, 0xc7,
    0xfe, 0x01, 0x92, 0x8f, 0x81, 0x84, 0x23, 0x1f, 0x23, 0xfe, 0x21, 0x3e,
    0x46, 0x80, 0x44, 0x7c, 0x8c, 0x08, 0x89, 0xf8, 0x18, 0x21, 0x12, 0xf1,
    0x19, 0x31, 0x68, 0x00, 0x10, 0x04, 0x83, 0x29, 0x2c, 0x83, 0x93, 0x0c,
    0x88, 0x41, 0x08, 0x98, 0x45, 0x49, 0xec, 0x0b, 0xe0, 0x53, 0xe0, 0xc5,
    0x92, 0x81, 0x5e, 0x00, 0x54, 0x89, 0x97, 0x4a, 0x06, 0x58, 0xc1, 0x4b,
    0x06, 0x7a, 0x01, 0x50, 0x55, 0x5e, 0x3c, 0x19, 0x60, 0x05, 0x32, 0x19,
    0xe8, 0x05, 0x40, 0x15, 0x7a, 0xbd, 0x64, 0x80, 0x15, 0xd4, 0x64, 0xa0,
    0x17, 0x00, 0x55, 0x35, 0x05, 0x8f, 0xc1, 0x8e, 0x18, 0x20, 0x00, 0x08,
    0x82, 0xc1, 0xc7, 0x96, 0xc1, 0x4d, 0x06, 0x7e, 0x18, 0x04, 0x36, 0x19,
    0x8c, 0x26, 0x04, 0xc0, 0x68, 0x82, 0x10, 0x8c, 0x26, 0x0c, 0xc2, 0x68,
    0x02, 0x31, 0x1c, 0x01, 0xec, 0x11, 0xc0, 0x1e, 0x01, 0xec, 0x11, 0xc0,
    0x1a, 0x4f, 0x50, 0xf2, 0xb1, 0x9e, 0x90, 0xe4, 0x63, 0x3e, 0x01, 0xc9,
    0xc7, 0x7e, 0xc2, 0x91, 0x8f, 0x11, 0x3e, 0x11, 0x1f, 0x23, 0x7e, 0x22,
    0x3e, 0x46, 0x80, 0x45, 0x7c, 0x8c, 0x08, 0x8b, 0xf8, 0x8c, 0x18, 0x34,
    0x00, 0x08, 0x82, 0xc1, 0x04, 0x9a, 0x81, 0x59, 0x06, 0xc4, 0x20, 0x04,
    0xcc, 0xa2, 0x24, 0xf6, 0x05, 0xf0, 0xa9, 0xfd, 0x5a, 0xcb, 0x40, 0x2f,
    0x00, 0xaa, 0xfa, 0x2b, 0x2d, 0x03, 0xac, 0xc0, 0x2d, 0x03, 0xbd, 0x00,
    0xa8, 0x02, 0xb1, 0xbd, 0x0c, 0xb0, 0x82, 0xb8, 0x0c, 0xf4, 0x02, 0xa0,
    0x6a, 0xc4, 0xdc, 0x32, 0xc0, 0x0a, 0xe8, 0x32, 0xd0, 0x0b, 0x80, 0x2a,
    0xba, 0x72, 0xc9, 0x60, 0x47, 0x0c, 0x10, 0x00, 0x04, 0xc1, 0xe0, 0x5b,
    0xcd, 0xc0, 0x2e, 0x83, 0x5e, 0x0c, 0x82, 0xba, 0x0c, 0x46, 0x13, 0x02,
    0x60, 0x34, 0x41, 0x08, 0x46, 0x13, 0x06, 0x61, 0x34, 0x81, 0x18, 0x8e,
    0x00, 0xf6, 0x08, 0x60, 0x8f, 0x00, 0xf6, 0x08, 0x60, 0x6d, 0x2f, 0x28,
    0xf9, 0x18, 0x5f, 0x48, 0xf2, 0xb1, 0xbe, 0x80, 0xe4, 0x63, 0x7e, 0xe1,
    0xc8, 0xc7, 0x88, 0xbe, 0x88, 0x8f, 0x11, 0x7e, 0x11, 0x1f, 0x23, 0xfe,
    0x22, 0x3e, 0x46, 0x80, 0x46, 0x7c, 0x46, 0x0c, 0x1a, 0x00, 0x04, 0xc1,
    0x60, 0xfa, 0xcd, 0xa0, 0x34, 0x03, 0x62, 0x10, 0x02, 0x66, 0x51, 0x12,
    0xfb, 0x02, 0xf8, 0x94, 0x8d, 0xa9, 0x66, 0xa0, 0x17, 0x00, 0x55, 0x38,
    0x86, 0x9a, 0x01, 0x56, 0xd0, 0x9a, 0x81, 0x5e, 0x00, 0x54, 0xed, 0x98,
    0x6e, 0x06, 0x58, 0x01, 0x6c, 0x06, 0x7a, 0x01, 0x50, 0xe5, 0x63, 0xad,
    0x19, 0x60, 0x05, 0xb3, 0x19, 0xe8, 0x05, 0x40, 0xd5, 0x6c, 0xb1, 0x65,
    0xb0, 0x23, 0x06, 0x08, 0x00, 0x82, 0x60, 0xf0, 0xa9, 0x67, 0x50, 0x9b,
    0x01, 0x3f, 0x06, 0x01, 0x6d, 0x06, 0xa3, 0x09, 0x01, 0x30, 0x9a, 0x20,
    0x04, 0xa3, 0x09, 0x83, 0x30, 0x9a, 0x40, 0x0c, 0x47, 0x00, 0x7b, 0x04,
    0xb0, 0x47, 0x00, 0x7b, 0x04, 0xb0, 0xa6, 0x1b, 0x94, 0x7c, 0x6c, 0x37,
    0x24, 0xf9, 0x18, 0x6f, 0x40, 0xf2, 0xb1, 0xde, 0x70, 0xe4, 0x63, 0x04,
    0x6f, 0xc4, 0xc7, 0x88, 0xde, 0x88, 0x8f, 0x11, 0xbe, 0x11, 0x1f, 0x23,
    0x7e, 0x23, 0x3e, 0x23, 0x06, 0x0d, 0x00, 0x82, 0x60, 0x30, 0xf9, 0x67,
    0x40, 0x9e, 0x01, 0x31, 0x08, 0x01, 0xb3, 0x28, 0x89, 0x7d, 0x01, 0x7c,
    0x2a, 0xce, 0xd2, 0x33, 0xd0, 0x0b, 0x80, 0xaa, 0x39, 0x3b, 0xcf, 0x00,
    0x2b, 0x60, 0xcf, 0x40, 0x2f, 0x00, 0xaa, 0xec, 0x2c, 0x3f, 0x03, 0xac,
    0xe0, 0x3d, 0x03, 0xbd, 0x00, 0xa8, 0xca, 0x33, 0xf6, 0x0c, 0xb0, 0x02,
    0xf9, 0x0c, 0xf4, 0x02, 0xa0, 0x4a, 0xbe, 0x54, 0x33, 0xd8, 0x11, 0x03,
    0x04, 0x00, 0x41, 0x30, 0xf8, 0x52, 0x34, 0xa0, 0xcf, 0x60, 0x27, 0x83,
    0x60, 0x3e, 0x83, 0xd1, 0x84, 0x00, 0x18, 0x4d, 0x10, 0x82, 0xd1, 0x84,
    0x41, 0x18, 0x4d, 0x20, 0x86, 0x23, 0x80, 0x3d, 0x02, 0xd8, 0x23, 0x80,
    0x3d, 0x02, 0x58, 0xcb, 0x0f, 0x4a, 0x3e, 0xa6, 0x1f, 0x92, 0x7c, 0x6c,
    0x3f, 0x20, 0xf9, 0x18, 0x7f, 0x38, 0xf2, 0x31, 0x62, 0x3f, 0xe2, 0x63,
    0x04, 0x7f, 0xc4, 0xc7, 0x88, 0xfe, 0x88, 0x8f, 0x11, 0xfe, 0x11, 0x9f,
    0x11, 0x83, 0x06, 0x00, 0x41, 0x30, 0x98, 0x7a, 0x34, 0x18, 0xd1, 0x80,
    0x18, 0x84, 0x80, 0x59, 0x94, 0xc4, 0xbe, 0x00, 0x3e, 0xd5, 0x6e, 0x34,
    0x1a, 0x60, 0x05, 0x29, 0x1a, 0xe8, 0x05, 0x40, 0x15, 0xbc, 0xe1, 0x68,
    0x80, 0x15, 0xb0, 0x68, 0xa0, 0x17, 0x00, 0x55, 0xf3, 0x86, 0xa2, 0x01,
    0x56, 0xf0, 0xa2, 0x81, 0x5e, 0x00, 0x54, 0xd9, 0x9b, 0x8a, 0x06, 0x78,
    0x01, 0x50, 0x15, 0x63, 0xe8, 0x19, 0xec, 0x88, 0x01, 0x02, 0x80, 0x20,
    0x18, 0x7c, 0x68, 0x1a, 0xcc, 0x68, 0xa0, 0x97, 0x41, 0x20, 0xa3, 0xc1,
    0x68, 0x42, 0x00, 0x8c, 0x26, 0x08, 0xc1, 0x68, 0xc2, 0x20, 0x8c, 0x26,
    0x10, 0xc3, 0x11, 0xc0, 0x1e, 0x01, 0xec, 0x11, 0xc0, 0x1e, 0x01, 0xac,
    0xc1, 0xc8, 0x24, 0x1f, 0x8b, 0x91, 0x48, 0x3e, 0x26, 0x23, 0x8f, 0x7c,
    0x6c, 0x46, 0x1c, 0xf9, 0x18, 0x21, 0x23, 0xf1, 0x31, 0x62, 0x46, 0xe2,
    0x63, 0x04, 0x8d, 0xc4, 0xc7, 0x88, 0x1a, 0x89, 0xcf, 0x88, 0x41, 0x03,
    0x80, 0x20, 0x18, 0x4c, 0x7c, 0x1a, 0x88, 0x69, 0x40, 0x0c, 0x42, 0xc0,
    0x2c, 0x4a, 0x62, 0x5f, 0x00, 0x9f, 0x42, 0xb9, 0x39, 0x0d, 0xb0, 0x02,
    0x34, 0x0d, 0xf4, 0x02, 0xa0, 0x6a, 0xe5, 0xee, 0x34, 0xc0, 0x0a, 0xd6,
    0x34, 0xd0, 0x0b, 0x80, 0x2a, 0x97, 0x3b, 0xd3, 0x00, 0x2b, 0x70, 0xd3,
    0x40, 0x2f, 0x00, 0xaa, 0x62, 0x2e, 0x4d, 0x03, 0xbc, 0x00, 0xa8, 0x82,
    0x33, 0x13, 0x0d, 0x76, 0xc4, 0x00, 0x01, 0x40, 0x10, 0x0c, 0xbe, 0x53,
    0x0d, 0xe4, 0x34, 0xc8, 0xcd, 0x20, 0x88, 0xd3, 0x60, 0x34, 0x21, 0x00,
    0x46, 0x13, 0x84, 0x60, 0x34, 0x61, 0x10, 0x46, 0x13, 0x88, 0xe1, 0x08,
    0x60, 0x8f, 0x00, 0xf6, 0x08, 0x60, 0x8f, 0x00, 0xd6, 0xde, 0x64, 0x92,
    0x8f, 0xc1, 0x49, 0x24, 0x1f, 0x8b, 0x93, 0x47, 0x3e, 0x26, 0x27, 0x8e,
    0x7c, 0x8c, 0x88, 0x93, 0xf8, 0x18, 0x21, 0x27, 0xf1, 0x31, 0x62, 0x4e,
    0xe2, 0x63, 0x04, 0x9d, 0xc4, 0x67, 0xc4, 0xa0, 0x01, 0x40, 0x10, 0x0c,
    0xa6, 0x5d, 0x0d, 0x42, 0x35, 0x20, 0x06, 0x21, 0x60, 0x16, 0x25, 0xb1,
    0x2f, 0x80, 0x4f, 0x8d, 0x9d, 0xac, 0x06, 0x58, 0xc1, 0xa9, 0x06, 0x7a,
    0x01, 0x50, 0x65, 0x76, 0xb6, 0x1a, 0x60, 0x05, 0xaa, 0x1a, 0xe8, 0x05,
    0x40, 0x55, 0xda, 0x99, 0x6a, 0x80, 0x15, 0xb4, 0x6a, 0xa0, 0x17, 0x00,
    0x55, 0x6c, 0x87, 0xaa, 0x01, 0x5e, 0x00, 0x54, 0xbd, 0x1a, 0x99, 0x06,
    0x3b, 0x62, 0x80, 0x00, 0x20, 0x08, 0x06, 0x9f, 0xb9, 0x06, 0xb1, 0x1a,
    0xe0, 0x67, 0x10, 0xc0, 0x6a, 0x30, 0x9a, 0x10, 0x00, 0xa3, 0x09, 0x42,
    0x30, 0x9a, 0x30, 0x08, 0xa3, 0x09, 0xc4, 0x70, 0x04, 0xb0, 0x47, 0x00,
    0x7b, 0x04, 0xb0, 0x47, 0x00, 0x6b, 0xae, 0x32, 0xc9, 0xc7, 0x5e, 0x25,
    0x92, 0x8f, 0xc1, 0xca, 0x23, 0x1f, 0x8b, 0x15, 0x47, 0x3e, 0x46, 0xc0,
    0x4a, 0x7c, 0x8c, 0x88, 0x95, 0xf8, 0x18, 0x21, 0x2b, 0xf1, 0x31, 0x62,
    0x56, 0xe2, 0x33, 0x62, 0xd0, 0x00, 0x20, 0x08, 0x06, 0x93, 0xbe, 0x06,
    0xe0, 0x1a, 0x10, 0x83, 0x10, 0x30, 0x8b, 0x92, 0xd8, 0x17, 0xc0, 0xa7,
    0xfc, 0x2e, 0x5e, 0x03, 0xac, 0xc0, 0x5c, 0x03, 0xbd, 0x00, 0xa8, 0x0a,
    0xbd, 0x7a, 0x0d, 0xb0, 0x82, 0x74, 0x0d, 0xf4, 0x02, 0xa0, 0x8a, 0xf4,
    0xca, 0x35, 0xc0, 0x0a, 0xd8, 0x35, 0xd0, 0x0b, 0x80, 0xaa, 0xd3, 0x3b,
    0xd7, 0x00, 0x2f, 0x00, 0xaa, 0xdc, 0x4d, 0x54, 0x83, 0x1d, 0x31, 0x40,
    0x00, 0x10, 0x04, 0x83, 0xaf, 0x64, 0x03, 0x78, 0x0d, 0x6e, 0x34, 0x08,
    0xde, 0x35, 0x18, 0x4d, 0x08, 0x80, 0xd1, 0x04, 0x21, 0x18, 0x4d, 0x18,
    0x84, 0xd1, 0x04, 0x62, 0x38, 0x02, 0xd8, 0x23, 0x80, 0x3d, 0x02, 0xd8,
    0x23, 0x80, 0xb5, 0x76, 0x99, 0xe4, 0x63, 0xee, 0x12, 0xc9, 0xc7, 0xde,
    0xe5, 0x91, 0x8f, 0xc1, 0x8b, 0x23, 0x1f, 0x23, 0xde, 0x25, 0x3e, 0x46,
    0xc0, 0x4b, 0x7c, 0x8c, 0x88, 0x97, 0xf8, 0x18, 0x21, 0x2f, 0xf1, 0x19,
    0x31, 0x68, 0x00, 0x10, 0x04, 0x83, 0x29, 0x67, 0x83, 0x7f, 0x0d, 0x88,
    0x41, 0x08, 0x98, 0x45, 0x49, 0xec, 0x0b, 0xe0, 0x53, 0xb8, 0x07, 0xb3,
    0x01, 0x56, 0x50, 0xb2, 0x81, 0x5e, 0x00, 0x54, 0xed, 0x1e, 0xcd, 0x06,
    0x58, 0x01, 0xca, 0x06, 0x7a, 0x01, 0x50, 0xe5, 0x7b, 0x24, 0x1b, 0x60,
    0x05, 0x2b, 0x1b, 0xe8, 0x05, 0x40, 0x55, 0xf8, 0x99, 0x6c, 0x80, 0x17,
    0x00, 0x55, 0x2d, 0x07, 0xae, 0xc1, 0x8e, 0x18, 0x20, 0x00, 0x08, 0x82,
    0xc1, 0x47, 0xb6, 0xc1, 0xcb, 0x06, 0x76, 0x1a, 0x04, 0x2e, 0x1b, 0x8c,
    0x26, 0x04, 0xc0, 0x68, 0x82, 0x10, 0x8c, 0x26, 0x0c, 0xc2, 0x68, 0x02,
    0x31, 0x1c, 0x01, 0xec, 0x11, 0xc0, 0x1e, 0x01, 0xec, 0x11, 0xc0, 0x1a,
    0xcb, 0x4c, 0xf2, 0xb1, 0x96, 0x89, 0xe4, 0x63, 0x2e, 0xf3, 0xc8, 0xc7,
    0x5e, 0xc6, 0x91, 0x8f, 0x11, 0x2e, 0x13, 0x1f, 0x23, 0x5e, 0x26, 0x3e,
    0x46, 0xc0, 0x4c, 0x7c, 0x8c, 0x88, 0x99, 0xf8, 0x8c, 0x18, 0x34, 0x00,
    0x08, 0x82, 0xc1, 0x84, 0xb7, 0x81, 0xcf, 0x06, 0xc4, 0x20, 0x04, 0xcc,
    0xa2, 0x24, 0xf6, 0x05, 0xf0, 0xa9, 0xf9, 0x7b, 0xdb, 0x00, 0x2b, 0x20,
    0xdb, 0x40, 0x2f, 0x00, 0xaa, 0xec, 0x6f, 0x6e, 0x03, 0xac, 0xe0, 0x6c,
    0x03, 0xbd, 0x00, 0xa8, 0xca, 0xbf, 0xb1, 0x0d, 0xb0, 0x02, 0xb5, 0x0d,
    0xf4, 0x02, 0xa0, 0x8a, 0xff, 0xca, 0x36, 0xc0, 0x0b, 0x80, 0x2a, 0xb6,
    0xf3, 0xd7, 0x60, 0x47, 0x0c, 0x10, 0x00, 0x04, 0xc1, 0xe0, 0x1b, 0xdd,
    0xc0, 0x6d, 0x83, 0x5a, 0x0d, 0x82, 0xb6, 0x0d, 0x46, 0x13, 0x02, 0x60,
    0x34, 0x41, 0x08, 0x46, 0x13, 0x06, 0x61, 0x34, 0x81, 0x18, 0x8e, 0x00,
    0xf6, 0x08, 0x60, 0x8f, 0x00, 0xf6, 0x08, 0x60, 0x6d, 0x6d, 0x26, 0xf9,
    0x18, 0xdb, 0x44, 0xf2, 0xb1, 0xb6, 0x79, 0xe4, 0x63, 0x6e, 0xe3, 0xc8,
    0xc7, 0x88, 0xb6, 0x89, 0x8f, 0x11, 0x6e, 0x13, 0x1f, 0x23, 0xde, 0x26,
    0x3e, 0x46, 0xc0, 0x4d, 0x7c, 0x46, 0x0c, 0x1a, 0x00, 0x04, 0xc1, 0x60,
    0xba, 0xdd, 0xa0, 0x6f, 0x03, 0x62, 0x10, 0x02, 0x66, 0x51, 0x12, 0xfb,
    0x02, 0xf8, 0x94, 0x0b, 0x06, 0xae, 0x1b, 0x60, 0x05, 0xa3, 0x1b, 0xe8,
    0x05, 0x40, 0x55, 0x0c, 0x06, 0xb2, 0x1b, 0x60, 0x05, 0xa6, 0x1b, 0xe8,
    0x05, 0x40, 0x15, 0x0d, 0x06, 0xa2, 0x1b, 0x60, 0x05, 0xa9, 0x1b, 0xe8,
    0x05, 0x40, 0xd5, 0x0d, 0x06, 0xa4, 0x1b, 0xe0, 0x05, 0x40, 0xd5, 0xea,
    0xf1, 0x6c, 0xb0, 0x23, 0x06, 0x08, 0x00, 0x82, 0x60, 0xf0, 0x89, 0x6f,
    0xd0, 0xba, 0x01, 0xbd, 0x06, 0x01, 0xeb, 0x06, 0xa3, 0x09, 0x01, 0x30,
    0x9a, 0x20, 0x04, 0xa3, 0x09, 0x83, 0x30, 0x9a, 0x40, 0x0c, 0x47, 0x00,
    0x7b, 0x04, 0xb0, 0x47, 0x00, 0x7b, 0x04, 0xb0, 0xa6, 0x3a, 0x93, 0x7c,
    0x6c, 0x75, 0x22, 0xf9, 0x18, 0xeb, 0x3c, 0xf2, 0xb1, 0xd6, 0x71, 0xe4,
    0x63, 0x04, 0xeb, 0xc4, 0xc7, 0x88, 0xd6, 0x89, 0x8f, 0x11, 0xae, 0x13,
    0x1f, 0x23, 0x5e, 0x27, 0x3e, 0x23, 0x06, 0x0d, 0x00, 0x82, 0x60, 0x30,
    0xd9, 0x6f, 0xc0, 0xbb, 0x01, 0x31, 0x08, 0x01, 0xb3, 0x28, 0x89, 0x7d,
    0x01, 0x7c, 0x2a, 0x0d, 0x83, 0xf6, 0x0d, 0xb0, 0x02, 0xf1, 0x0d, 0xf4,
    0x02, 0xa0, 0x8a, 0x0d, 0x83, 0xf8, 0x0d, 0xb0, 0x82, 0xf2, 0x0d, 0xf4,
    0x02, 0xa0, 0xea, 0x0d, 0x83, 0xf0, 0x0d, 0xb0, 0x02, 0xf4, 0x0d, 0xf4,
    0x02, 0xa0, 0x4a, 0x0e, 0x83, 0xf1, 0x0d, 0xf0, 0x02, 0xa0, 0x4a, 0xfd,
    0xf4, 0x36, 0xd8, 0x11, 0x03, 0x04, 0x00, 0x41, 0x30, 0xf8, 0x42, 0x38,
    0x60, 0xdf, 0x60, 0x66, 0x83, 0x60, 0x7d, 0x83, 0xd1, 0x84, 0x00, 0x18,
    0x4d, 0x10, 0x82, 0xd1, 0x84, 0x41, 0x18, 0x4d, 0x20, 0x86, 0x23, 0x80,
    0x3d, 0x02, 0xd8, 0x23, 0x80, 0x3d, 0x02, 0x58, 0x4b, 0x9f, 0x49, 0x3e,
    0xa6, 0x3e, 0x91, 0x7c, 0x6c, 0x7d, 0x1e, 0xf9, 0x18, 0xfb, 0x38, 0xf2,
    0x31, 0x62, 0x7d, 0xe2, 0x63, 0x04, 0xfb, 0xc4, 0xc7, 0x88, 0xf6, 0x89,
    0x8f, 0x11, 0xee, 0x13, 0x9f, 0x11, 0x83, 0x06, 0x00, 0x41, 0x30, 0x98,
    0x6a, 0x38, 0xd8, 0xdf, 0x80, 0x18, 0x84, 0x80, 0x59, 0x94, 0xc4, 0xbe,
    0x00, 0x3e, 0xc5, 0x92, 0x01, 0x08, 0x07, 0x5a, 0x35, 0x19, 0xe4, 0x6f,
    0x80, 0x15, 0xdc, 0x6f, 0xa0, 0x35, 0x04, 0x5b, 0x30, 0x19, 0xc0, 0x70,
    0x80, 0x15, 0x94, 0x70, 0xa0, 0x65, 0x93, 0x81, 0xff, 0x06, 0x58, 0x01,
    0xff, 0x06, 0x5a, 0x43, 0xb0, 0x67, 0x00, 0x65, 0x2c, 0x18, 0x04, 0xf2,
    0xb9, 0x01, 0x28, 0x63, 0xc1, 0x20, 0x90, 0x4f, 0xe5, 0x64, 0x90, 0xc2,
    0x01, 0x56, 0xe0, 0xc2, 0x81, 0xd6, 0x58, 0x06, 0xfd, 0x1b, 0x60, 0x05,
    0x25, 0x1c, 0x68, 0x0d, 0xc1, 0x96, 0x4f, 0x06, 0x3f, 0x1c, 0x60, 0x05,
    0x33, 0x1c, 0x68, 0x91, 0x65, 0x20, 0xc2, 0x01, 0x56, 0xa0, 0xc2, 0x81,
    0xd6, 0x10, 0xec, 0x19, 0x40, 0x99, 0x0e, 0x06, 0x81, 0x7c, 0x6e, 0x00,
    0xca, 0x74, 0x30, 0x08, 0xe4, 0x53, 0xbe, 0x18, 0xec, 0x70, 0xa0, 0x17,
    0x00, 0x55, 0xe0, 0x18, 0xe4, 0x70, 0x80, 0x15, 0xf8, 0x70, 0xa0, 0x17,
    0x00, 0x55, 0xe3, 0x18, 0xac, 0x71, 0x80, 0x15, 0x84, 0x71, 0xa0, 0x17,
    0x00, 0x55, 0xe6, 0x18, 0xf8, 0x70, 0x80, 0x15, 0x90, 0x71, 0xa0, 0x17,
    0x00, 0x55, 0x64, 0x18, 0xcc, 0x6f, 0xb0, 0x23, 0x06, 0x08, 0x00, 0x82,
    0x60, 0xf0, 0xed, 0x71, 0x60, 0xc6, 0x41, 0xeb, 0x06, 0x41, 0x19, 0x07,
    0xa3, 0x09, 0x01, 0x30, 0x9a, 0x20, 0x04, 0xa3, 0x09, 0x83, 0x30, 0x9a,
    0x40, 0x0c, 0x47, 0x00, 0x7b, 0x04, 0xb0, 0x47, 0x00, 0x7b, 0x04, 0xb0,
    0x66, 0x06, 0x94, 0x7c, 0xec, 0x0c, 0x24, 0xf9, 0x18, 0x1a, 0x40, 0xf2,
    0xb1, 0x34, 0x70, 0xe4, 0x63, 0x04, 0x1a, 0xc4, 0xc7, 0x88, 0x34, 0x88,
    0x8f, 0x11, 0x6a, 0x10, 0x1f, 0x23, 0xd6, 0x20, 0x3e, 0x23, 0x06, 0x0d,
    0x00, 0x82, 0x60, 0x30, 0xbd, 0x72, 0x50, 0xc7, 0x01, 0x31, 0x08, 0x01,
    0xb3, 0x28, 0x89, 0xe9, 0x41, 0x00, 0x9f, 0xca, 0xc7, 0x40, 0x8f, 0x03,
    0xbd, 0x00, 0xa8, 0xda, 0xc7, 0x00, 0x8f, 0x03, 0xac, 0xa0, 0x8f, 0x03,
    0xbd, 0x00, 0xa8, 0xf2, 0xc7, 0x40, 0x95, 0x03, 0xac, 0x00, 0x94, 0x03,
    0xbd, 0x00, 0xa8, 0x0a, 0xc9, 0xa0, 0x8f, 0x03, 0xac, 0x60, 0x94, 0x03,
    0xbd, 0x00, 0xa8, 0x1a, 0xc5, 0x20, 0x86, 0x83, 0x1d, 0x31, 0x40, 0x00,
    0x10, 0x04, 0x83, 0x4f, 0x97, 0x83, 0x52, 0x0e, 0xd8, 0x37, 0x08, 0x48,
    0x39, 0x18, 0x4d, 0x08, 0x80, 0xd1, 0x04, 0x21, 0x18, 0x4d, 0x18, 0x84,
    0xd1, 0x04, 0x62, 0x38, 0x02, 0xd8, 0x23, 0x80, 0x3d, 0x02, 0xd8, 0x23,
    0x80, 0xb5, 0x52, 0xa0, 0xe4, 0x63, 0xa6, 0x20, 0xc9, 0xc7, 0x4e, 0x01,
    0x92, 0x8f, 0xa1, 0x82, 0x23, 0x1f, 0x23, 0x4e, 0x21, 0x3e, 0x46, 0xa0,
    0x42, 0x7c, 0x8c, 0x48, 0x85, 0xf8, 0x18, 0xa1, 0x0a, 0xf1, 0x19, 0x31,
    0x68, 0x00, 0x10, 0x04, 0x83, 0xc9, 0x9d, 0x03, 0x5a, 0x0e, 0x88, 0x41,
    0x08, 0x98, 0x45, 0x49, 0xec, 0x0b, 0xe0, 0x53, 0x34, 0x19, 0xe4, 0x72,
    0xa0, 0x17, 0x00, 0x55, 0x36, 0x19, 0xdc, 0x72, 0x80, 0x15, 0xf0, 0x72,
    0xa0, 0x17, 0x00, 0x55, 0x39, 0x19, 0xa4, 0x73, 0x80, 0x15, 0xfc, 0x72,
    0xa0, 0x17, 0x00, 0x55, 0x3c, 0x19, 0xf0, 0x72, 0x80, 0x15, 0x88, 0x73,
    0xa0, 0x17, 0x00, 0x55, 0xe2, 0x18, 0xbc, 0x71, 0xb0, 0x23, 0x06, 0x08,
    0x00, 0x82, 0x60, 0xf0, 0xe5, 0x73, 0x40, 0xce, 0xc1, 0x0a, 0x07, 0xc1,
    0x38, 0x07, 0xa3, 0x09, 0x01, 0x30, 0x9a, 0x20, 0x04, 0xa3, 0x09, 0x83,
    0x30, 0x9a, 0x40, 0x0c, 0x47, 0x00, 0x7b, 0x04, 0xb0, 0x47, 0x00, 0x7b,
    0x04, 0xb0, 0x46, 0x0e, 0x94, 0x7c, 0xac, 0x1c, 0x24, 0xf9, 0x98, 0x39,
    0x40, 0xf2, 0xb1, 0x73, 0x70, 0xe4, 0x63, 0x84, 0x39, 0xc4, 0xc7, 0x88,
    0x73, 0x88, 0x8f, 0x11, 0xe8, 0x10, 0x1f, 0x23, 0xd2, 0x21, 0x3e, 0x23,
    0x06, 0x0d, 0x00, 0x82, 0x60, 0x30, 0xb5, 0x74, 0x30, 0xcf, 0x01, 0x31,
    0x08, 0x01, 0xb3, 0x28, 0x89, 0x7d, 0x01, 0x7c, 0xea, 0x2d, 0x03, 0x7c,
    0x0e, 0xf4, 0x02, 0xa0, 0x2a, 0x2e, 0x03, 0x7b, 0x0e, 0xb0, 0x82, 0x7d,
    0x0e, 0xf4, 0x02, 0xa0, 0x8a, 0x2e, 0x03, 0x94, 0x0e, 0xb0, 0x02, 0x7f,
    0x0e, 0xf4, 0x02, 0xa0, 0xea, 0x2e, 0x83, 0x7d, 0x0e, 0xb0, 0x82, 0x90,
    0x0e, 0xf4, 0x02, 0xa0, 0x2a, 0x24, 0x83, 0x56, 0x0e, 0x76, 0xc4, 0x00,
    0x01, 0x40, 0x10, 0x0c, 0x3e, 0x9c, 0x0e, 0x46, 0x3a, 0x50, 0xe3, 0x20,
    0x10, 0xe9, 0x60, 0x34, 0x21, 0x00, 0x46, 0x13, 0x84, 0x60, 0x34, 0x61,
    0x10, 0x46, 0x13, 0x88, 0xe1, 0x08, 0x60, 0x8f, 0x00, 0xf6, 0x08, 0x60,
    0x8f, 0x00, 0xd6, 0x46, 0x82, 0x92, 0x8f, 0x91, 0x84, 0x24, 0x1f, 0x2b,
    0x09, 0x48, 0x3e, 0x66, 0x12, 0x8e, 0x7c, 0x8c, 0x28, 0x89, 0xf8, 0x18,
    0x61, 0x12, 0xf1, 0x31, 0xe2, 0x24, 0xe2, 0x63, 0x04, 0x4a, 0xc4, 0x67,
    0xc4, 0xa0, 0x01, 0x40, 0x10, 0x0c, 0x26, 0xb6, 0x0e, 0x64, 0x3a, 0x20,
    0x06, 0x21, 0x60, 0x16, 0x25, 0xb1, 0x2f, 0x80, 0x4f, 0xa5, 0x66, 0x70,
    0xd3, 0x81, 0x5e, 0x00, 0x54, 0xad, 0x66, 0x50, 0xd3, 0x01, 0x56, 0xa0,
    0xd3, 0x81, 0x5e, 0x00, 0x54, 0xb9, 0x66, 0x70, 0xd6, 0x01, 0x56, 0xd0,
    0xd3, 0x81, 0x5e, 0x00, 0x54, 0xc5, 0x66, 0xa0, 0xd3, 0x01, 0x56, 0x00,
    0xd6, 0x81, 0x5e, 0x00, 0x54, 0x81, 0x65, 0xb0, 0xce, 0xc1, 0x8e, 0x18,
    0x20, 0x00, 0x08, 0x82, 0xc1, 0x77, 0xd7, 0x81, 0x58, 0x07, 0xa9, 0x1c,
    0x04, 0x61, 0x1d, 0x8c, 0x26, 0x04, 0xc0, 0x68, 0x82, 0x10, 0x8c, 0x26,
    0x0c, 0xc2, 0x68, 0x02, 0x31, 0x1c, 0x01, 0xec, 0x11, 0xc0, 0x1e, 0x01,
    0xec, 0x11, 0xc0, 0x9a, 0x58, 0x50, 0xf2, 0xb1, 0xb1, 0x90, 0xe4, 0x63,
    0x64, 0x01, 0xc9, 0xc7, 0xca, 0xc2, 0x91, 0x8f, 0x11, 0x64, 0x11, 0x1f,
    0x23, 0xca, 0x22, 0x3e, 0x46, 0x98, 0x45, 0x7c, 0x8c, 0x38, 0x8b, 0xf8,
    0x8c, 0x18, 0x34, 0x00, 0x08, 0x82, 0xc1, 0xb4, 0xda, 0x41, 0x5c, 0x07,
    0xc4, 0x20, 0x04, 0xcc, 0xa2, 0x24, 0xf6, 0x05, 0xf0, 0x29, 0xf2, 0x0c,
    0xec, 0x3a, 0xd0, 0x0b, 0x80, 0x2a, 0xf3, 0x0c, 0xe8, 0x3a, 0xc0, 0x0a,
    0xf2, 0x3a, 0xd0, 0x0b, 0x80, 0xaa, 0xf4, 0x0c, 0x4c, 0x3b, 0xc0, 0x0a,
    0xf8, 0x3a, 0xd0, 0x0b, 0x80, 0x2a, 0xf6, 0x0c, 0xf2, 0x3a, 0xc0, 0x0a,
    0xfe, 0x3a, 0xd0, 0x0b, 0x80, 0xaa, 0xbf, 0x0c, 0x52, 0x3a, 0xd8, 0x11,
    0x03, 0x04, 0x00, 0x41, 0x30, 0xf8, 0x6c, 0x3b, 0x08, 0xed, 0x00, 0x9d,
    0x83, 0x00, 0xb4, 0x83, 0xd1, 0x84, 0x00, 0x18, 0x4d, 0x10, 0x82, 0xd1,
    0x84, 0x41, 0x18, 0x4d, 0x20, 0x86, 0x23, 0x80, 0x3d, 0x02, 0xd8, 0x23,
    0x80, 0x3d, 0x02, 0x58, 0x0b, 0x0d, 0x4a, 0x3e, 0x26, 0x1a, 0x92, 0x7c,
    0x6c, 0x34, 0x20, 0xf9, 0x18, 0x69, 0x38, 0xf2, 0x31, 0x62, 0x34, 0xe2,
    0x63, 0x04, 0x69, 0xc4, 0xc7, 0x88, 0xd2, 0x88, 0x8f, 0x11, 0xa6, 0x11,
    0x9f, 0x11, 0x83, 0x06, 0x00, 0x41, 0x30, 0x98, 0xd4, 0x3b, 0x80, 0xed,
    0x80, 0x18, 0x84, 0x80, 0x59, 0x94, 0xc4, 0xbe, 0x00, 0x3e, 0xf5, 0x9f,
    0x41, 0x6d, 0x07, 0x7a, 0x01, 0x50, 0x15, 0xa2, 0xc1, 0x6c, 0x07, 0x58,
    0x01, 0x6e, 0x07, 0x7a, 0x01, 0x50, 0x45, 0xa2, 0x41, 0x79, 0x07, 0x58,
    0xc1, 0x6e, 0x07, 0x7a, 0x01, 0x50, 0x75, 0xa2, 0x01, 0x6e, 0x07, 0x58,
    0x81, 0x6f, 0x07, 0x7a, 0x01, 0x50, 0xe5, 0x9b, 0xc1, 0x59, 0x07, 0x3b,
    0x62, 0x80, 0x00, 0x20, 0x08, 0x06, 0x5f, 0x7d, 0x07, 0xe0, 0x1d, 0x9c,
    0x74, 0x10, 0xfc, 0x76, 0x30, 0x9a, 0x10, 0x00, 0xa3, 0x09, 0x42, 0x30,
    0x9a, 0x30, 0x08, 0xa3, 0x09, 0xc4, 0x70, 0x04, 0xb0, 0x47, 0x00, 0x7b,
    0x04, 0xb0, 0x47, 0x00, 0x6b, 0xe0, 0x41, 0xc9, 0xc7, 0xc2, 0x43, 0x92,
    0x8f, 0x89, 0x07, 0x24, 0x1f, 0x1b, 0x0f, 0x47, 0x3e, 0x46, 0x88, 0x47,
    0x7c, 0x8c, 0x18, 0x8f, 0xf8, 0x18, 0x41, 0x1e, 0xf1, 0x31, 0xa2, 0x3c,
    0xe2, 0x33, 0x62, 0xd0, 0x00, 0x20, 0x08, 0x06, 0x53, 0x8a, 0x07, 0xef,
    0x1d, 0x10, 0x83, 0x10, 0x30, 0x8b, 0x92, 0xd8, 0x17, 0xc0, 0xa7, 0x74,
    0x34, 0xa0, 0xef, 0x40, 0x2f, 0x00, 0xaa, 0x78, 0x34, 0x90, 0xef, 0x00,
    0x2b, 0xb8, 0xef, 0x40, 0x2f, 0x00, 0xaa, 0x7e, 0x34, 0x20, 0xf1, 0x00,
    0x2b, 0xd0, 0xef, 0x40, 0x2f, 0x00, 0xaa, 0xc4, 0x34, 0xb8, 0xef, 0x00,
    0x2b, 0xe8, 0xef, 0x40, 0x2f, 0x00, 0xaa, 0xfa, 0x33, 0x28, 0xed, 0x60,
    0x47, 0x0c, 0x10, 0x00, 0x04, 0xc1, 0xe0, 0xa3, 0xf1, 0xe0, 0xbf, 0x03,
    0xb3, 0x0e, 0x02, 0xff, 0x0e, 0x46, 0x13, 0x02, 0x60, 0x34, 0x41, 0x08,
    0x46, 0x13, 0x06, 0x61, 0x34, 0x81, 0x18, 0x8e, 0x00, 0xf6, 0x08, 0x60,
    0x8f, 0x00, 0xf6, 0x08, 0x60, 0xed, 0x3f, 0x28, 0xf9, 0x18, 0x88, 0x48,
    0xf2, 0xb1, 0x10, 0x81, 0xe4, 0x63, 0x22, 0xe2, 0xc8, 0xc7, 0x88, 0x10,
    0x89, 0x8f, 0x11, 0x22, 0x12, 0x1f, 0x23, 0x46, 0x24, 0x3e, 0x46, 0x90,
    0x48, 0x7c, 0x46, 0x0c, 0x1a, 0x00, 0x04, 0xc1, 0x60, 0x42, 0xf3, 0xc0,
    0xc5, 0x03, 0x62, 0x10, 0x02, 0x66, 0x51, 0x12, 0xfb, 0x02, 0xf8, 0x94,
    0xad, 0x06, 0x3f, 0x1e, 0x60, 0x05, 0x34, 0x1e, 0xe8, 0x05, 0x40, 0x55,
    0xae, 0x06, 0x63, 0x1e, 0x60, 0x05, 0x37, 0x1e, 0xe8, 0x05, 0x40, 0x15,
    0xaf, 0x06, 0x33, 0x1e, 0x60, 0x05, 0x3a, 0x1e, 0xe8, 0x05, 0x40, 0xd5,
    0xaf, 0x06, 0x35, 0x1e, 0xe0, 0x05, 0x40, 0x15, 0x8f, 0x06, 0xe3, 0x1d,
    0xec, 0x88, 0x01, 0x02, 0x80, 0x20, 0x18, 0x7c, 0x73, 0x1e, 0xf8, 0x78,
    0x50, 0xda, 0x41, 0xd0, 0xe3, 0xc1, 0x68, 0x42, 0x00, 0x8c, 0x26, 0x08,
    0xc1, 0x68, 0xc2, 0x20, 0x8c, 0x26, 0x10, 0xc3, 0x11, 0xc0, 0x1e, 0x01,
    0xec, 0x11, 0xc0, 0x1e, 0x01, 0xac, 0xc1, 0xc8, 0x24, 0x1f, 0x8b, 0x91,
    0x48, 0x3e, 0x26, 0x23, 0x8f, 0x7c, 0x6c, 0x46, 0x1c, 0xf9, 0x18, 0x21,
    0x23, 0xf1, 0x31, 0x62, 0x46, 0xe2, 0x63, 0x04, 0x8d, 0xc4, 0xc7, 0x88,
    0x1a, 0x89, 0xcf, 0x88, 0x41, 0x03, 0x80, 0x20, 0x18, 0x4c, 0xa7, 0x1e,
    0xb4, 0x79, 0x40, 0x0c, 0x42, 0xc0, 0x2c, 0x4a, 0x62, 0x5f, 0x00, 0x9f,
    0x8a, 0xd7, 0xc0, 0xcf, 0x03, 0xac, 0x60, 0xce, 0x03, 0xbd, 0x00, 0xa8,
    0xa2, 0xd7, 0x40, 0xd4, 0x03, 0xac, 0xc0, 0xce, 0x03, 0xbd, 0x00, 0xa8,
    0xba, 0xd7, 0x40, 0xce, 0x03, 0xac, 0x20, 0xcf, 0x03, 0xbd, 0x00, 0xa8,
    0xd2, 0xd7, 0x80, 0xce, 0x03, 0xbc, 0x00, 0xa8, 0xda, 0xd3, 0x20, 0xc4,
    0x83, 0x1d, 0x31, 0x40, 0x00, 0x10, 0x04, 0x83, 0x4f, 0xd6, 0x83, 0x3e,
    0x0f, 0xc8, 0x3b, 0x08, 0xf8, 0x3c, 0x18, 0x4d, 0x08, 0x80, 0xd1, 0x04,
    0x21, 0x18, 0x4d, 0x18, 0x84, 0xd1, 0x04, 0x62, 0x38, 0x02, 0xd8, 0x23,
    0x80, 0x3d, 0x02, 0xd8, 0x23, 0x80, 0xb5, 0x37, 0x99, 0xe4, 0x63, 0x70,
    0x12, 0xc9, 0xc7, 0xe2, 0xe4, 0x91, 0x8f, 0xc9, 0x89, 0x23, 0x1f, 0x23,
    0xe2, 0x24, 0x3e, 0x46, 0xc8, 0x49, 0x7c, 0x8c, 0x98, 0x93, 0xf8, 0x18,
    0x41, 0x27, 0xf1, 0x19, 0x31, 0x68, 0x00, 0x10, 0x04, 0x83, 0xc9, 0xdc,
    0x03, 0x56, 0x0f, 0x88, 0x41, 0x08, 0x98, 0x45, 0x49, 0xec, 0x0b, 0xe0,
    0x53, 0x2c, 0x1b, 0xf4, 0x7a, 0x80, 0x15, 0xc8, 0x7a, 0xa0, 0x17, 0x00,
    0x55, 0x2f, 0x1b, 0x84, 0x7b, 0x80, 0x15, 0xd4, 0x7a, 0xa0, 0x17, 0x00,
    0x55, 0x32, 0x1b, 0xc4, 0x7a, 0x80, 0x15, 0xe0, 0x7a, 0xa0, 0x17, 0x00,
    0x55, 0x35, 0x1b, 0xcc, 0x7a, 0x80, 0x17, 0x00, 0x55, 0xba, 0x1a, 0xfc,
    0x78, 0xb0, 0x23, 0x06, 0x08, 0x00, 0x82, 0x60, 0xf0, 0xc5, 0x7b, 0xc0,
    0xeb, 0xc1, 0x88, 0x07, 0xc1, 0xae, 0x07, 0xa3, 0x09, 0x01, 0x30, 0x9a,
    0x20, 0x04, 0xa3, 0x09, 0x83, 0x30, 0x9a, 0x40, 0x0c, 0x47, 0x00, 0x7b,
    0x04, 0xb0, 0x47, 0x00, 0x7b, 0x04, 0xb0, 0xe6, 0x2a, 0x93, 0x7c, 0xec,
    0x55, 0x22, 0xf9, 0x18, 0xac, 0x3c, 0xf2, 0xb1, 0x58, 0x71, 0xe4, 0x63,
    0x04, 0xac, 0xc4, 0xc7, 0x88, 0x58, 0x89, 0x8f, 0x11, 0xb2, 0x12, 0x1f,
    0x23, 0x66, 0x25, 0x3e, 0x23, 0x06, 0x0d, 0x00, 0x82, 0x60, 0x30, 0x95,
    0x7c, 0xb0, 0xee, 0x01, 0x31, 0x08, 0x01, 0xb3, 0x28, 0x89, 0x7d, 0x01,
    0x7c, 0xea, 0x6c, 0x03, 0x7e, 0x0f, 0xb0, 0x82, 0x78, 0x0f, 0xf4, 0x02,
    0xa0, 0x4a, 0x6d, 0x03, 0x90, 0x0f, 0xb0, 0x02, 0x7a, 0x0f, 0xf4, 0x02,
    0xa0, 0xaa, 0x6d, 0x03, 0x78, 0x0f, 0xb0, 0x82, 0x7b, 0x0f, 0xf4, 0x02,
    0xa0, 0x0a, 0x6e, 0x03, 0x79, 0x0f, 0xf0, 0x02, 0xa0, 0x2a, 0x5f, 0x83,
    0x3e, 0x0f, 0x76, 0xc4, 0x00, 0x01, 0x40, 0x10, 0x0c, 0x3e, 0x98, 0x0f,
    0xf6, 0x3d, 0x10, 0xf3, 0x20, 0xd0, 0xf7, 0x60, 0x34, 0x21, 0x00, 0x46,
    0x13, 0x84, 0x60, 0x34, 0x61, 0x10, 0x46, 0x13, 0x88, 0xe1, 0x08, 0x60,
    0x8f, 0x00, 0xf6, 0x08, 0x60, 0x8f, 0x00, 0xd6, 0xda, 0x65, 0x92, 0x8f,
    0xb9, 0x4b, 0x24, 0x1f, 0x7b, 0x97, 0x47, 0x3e, 0x06, 0x2f, 0x8e, 0x7c,
    0x8c, 0x78, 0x97, 0xf8, 0x18, 0x01, 0x2f, 0xf1, 0x31, 0x22, 0x5e, 0xe2,
    0x63, 0x84, 0xbc, 0xc4, 0x67, 0xc4, 0xa0, 0x01, 0x40, 0x10, 0x0c, 0x26,
    0xb2, 0x0f, 0x54, 0x3e, 0x20, 0x06, 0x21, 0x60, 0x16, 0x25, 0xb1, 0x2f,
    0x80, 0x4f, 0x85, 0x6e, 0xb0, 0xf3, 0x01, 0x56, 0x00, 0xf3, 0x81, 0x5e,
    0x00, 0x54, 0x91, 0x6e, 0xf0, 0xf3, 0x01, 0x56, 0x30, 0xf3, 0x81, 0x5e,
    0x00, 0x54, 0x9d, 0x6e, 0xf0, 0xf2, 0x01, 0x56, 0x60, 0xf3, 0x81, 0x5e,
    0x00, 0x54, 0xa9, 0x6e, 0x10, 0xf3, 0x01, 0x5e, 0x00, 0x54, 0xe1, 0x6c,
    0xb0, 0xeb, 0xc1, 0x8e, 0x18, 0x20, 0x00, 0x08, 0x82, 0xc1, 0xf7, 0xf6,
    0x81, 0xce, 0x07, 0xa1, 0x1e, 0x04, 0x39, 0x1f, 0x8c, 0x26, 0x04, 0xc0,
    0x68, 0x82, 0x10, 0x8c, 0x26, 0x0c, 0xc2, 0x68, 0x02, 0x31, 0x1c, 0x01,
    0xec, 0x11, 0xc0, 0x1e, 0x01, 0xec, 0x11, 0xc0, 0x1a, 0xcb, 0x4c, 0xf2,
    0xb1, 0x96, 0x89, 0xe4, 0x63, 0x2e, 0xf3, 0xc8, 0xc7, 0x5e, 0xc6, 0x91,
    0x8f, 0x11, 0x2e, 0x13, 0x1f, 0x23, 0x5e, 0x26, 0x3e, 0x46, 0xc0, 0x4c,
    0x7c, 0x8c, 0x88, 0x99, 0xf8, 0x8c, 0x18, 0x34, 0x00, 0x08, 0x82, 0xc1,
    0x34, 0xfa, 0x41, 0xda, 0x07, 0xc4, 0x20, 0x04, 0xcc, 0xa2, 0x24, 0xf6,
    0x05, 0xf0, 0x29, 0xde, 0x0d, 0xf4, 0x3e, 0xc0, 0x0a, 0xde, 0x3e, 0xd0,
    0x0b, 0x80, 0xaa, 0xdf, 0x0d, 0xfc, 0x3e, 0xc0, 0x0a, 0xe4, 0x3e, 0xd0,
    0x0b, 0x80, 0x2a, 0xf1, 0x0d, 0xdc, 0x3e, 0xc0, 0x0a, 0xea, 0x3e, 0xd0,
    0x0b, 0x80, 0xaa, 0xf2, 0x0d, 0xe0, 0x3e, 0xc0, 0x0b, 0x80, 0xaa, 0xbb,
    0x0d, 0xf2, 0x3d, 0xd8, 0x11, 0x03, 0x04, 0x00, 0x41, 0x30, 0xf8, 0x5c,
    0x3f, 0xc8, 0xfb, 0x00, 0xdc, 0x83, 0x00, 0xef, 0x83, 0xd1, 0x84, 0x00,
    0x18, 0x4d, 0x10, 0x82, 0xd1, 0x84, 0x41, 0x18, 0x4d, 0x20, 0x86, 0x23,
    0x80, 0x3d, 0x02, 0xd8, 0x23, 0x80, 0x3d, 0x02, 0x58, 0x5b, 0x9b, 0x49,
    0x3e, 0xc6, 0x36, 0x91, 0x7c, 0xac, 0x6d, 0x1e, 0xf9, 0x98, 0xdb, 0x38,
    0xf2, 0x31, 0xa2, 0x6d, 0xe2, 0x63, 0x84, 0xdb, 0xc4, 0xc7, 0x88, 0xb7,
    0x89, 0x8f, 0x11, 0x70, 0x13, 0x9f, 0x11, 0x83, 0x06, 0x00, 0x41, 0x30,
    0x98, 0xc4, 0x3f, 0x40, 0xfd, 0x80, 0x18, 0x84, 0x80, 0x59, 0x94, 0xc4,
    0xbe, 0x00, 0x3e, 0x75, 0xbf, 0x41, 0xee, 0x07, 0x58, 0x81, 0xeb, 0x07,
    0x7a, 0x01, 0x50, 0xa5, 0xbf, 0x41, 0xef, 0x07, 0x58, 0x41, 0xec, 0x07,
    0x7a, 0x01, 0x50, 0xd5, 0xbf, 0x41, 0xeb, 0x07, 0x58, 0x01, 0xed, 0x07,
    0x7a, 0x01, 0x50, 0x05, 0xc2, 0xc1, 0xeb, 0x07, 0x78, 0x01, 0x50, 0x65,
    0xbb, 0xc1, 0xcd, 0x07, 0x3b, 0x62, 0x80, 0x00, 0x20, 0x08, 0x06, 0x5f,
    0xfb, 0x07, 0xb8, 0x1f, 0xfc, 0x7b, 0x10, 0xdc, 0x7e, 0x30, 0x9a, 0x10,
    0x00, 0xa3, 0x09, 0x42, 0x30, 0x9a, 0x30, 0x08, 0xa3, 0x09, 0xc4, 0x70,
    0x04, 0xb0, 0x47, 0x00, 0x7b, 0x04, 0xb0, 0x47, 0x00, 0x6b, 0xaa, 0x33,
    0xc9, 0xc7, 0x56, 0x27, 0x92, 0x8f, 0xb1, 0xce, 0x23, 0x1f, 0x6b, 0x1d,
    0x47, 0x3e, 0x46, 0xb0, 0x4e, 0x7c, 0x8c, 0x68, 0x9d, 0xf8, 0x18, 0xe1,
    0x3a, 0xf1, 0x31, 0xe2, 0x75, 0xe2, 0x33, 0x62, 0xd0, 0x00, 0x20, 0x08,
    0x06, 0x53, 0x08, 0x0a, 0xe7, 0x1f, 0x10, 0x83, 0x10, 0x30, 0x8b, 0x92,
    0xd8, 0x17, 0xc0, 0xa7, 0x64, 0x38, 0xc0, 0xff, 0x00, 0x2b, 0x68, 0xff,
    0x40, 0x2f, 0x00, 0xaa, 0x6a, 0x38, 0xe0, 0xff, 0x00, 0x2b, 0x80, 0xff,
    0x40, 0x2f, 0x00, 0xaa, 0x70, 0x38, 0x60, 0xff, 0x00, 0x2b, 0x98, 0xff,
    0x40, 0x2f, 0x00, 0xaa, 0x76, 0x38, 0x70, 0xff, 0x00, 0x2f, 0x00, 0xaa,
    0xea, 0x37, 0xa8, 0xfb, 0x60, 0x47, 0x0c, 0x10, 0x00, 0x04, 0xc1, 0xe0,
    0x63, 0x41, 0xe1, 0xfe, 0x03, 0x9f, 0x0f, 0x02, 0xfb, 0x0f, 0x46, 0x13,
    0x02, 0x60, 0x34, 0x41, 0x08, 0x46, 0x13, 0x06, 0x61, 0x34, 0x81, 0x18,
    0x8e, 0x00, 0xf6, 0x08, 0x60, 0x8f, 0x00, 0xf6, 0x08, 0x60, 0x2d, 0x7d,
    0x26, 0xf9, 0x98, 0xfa, 0x44, 0xf2, 0xb1, 0xf5, 0x79, 0xe4, 0x63, 0xec,
    0xe3, 0xc8, 0xc7, 0x88, 0xf5, 0x89, 0x8f, 0x11, 0xec, 0x13, 0x1f, 0x23,
    0xda, 0x27, 0x3e, 0x46, 0xb8, 0x4f, 0x7c, 0x46, 0x0c, 0x1a, 0x00, 0x04,
    0xc1, 0x60, 0x02, 0x43, 0xc1, 0x04, 0x05, 0x62, 0x10, 0x02, 0x66, 0x51,
    0x12, 0xfb, 0x02, 0xf8, 0xd4, 0x4d, 0x07, 0x36, 0x28, 0x60, 0x05, 0x2c,
    0x28, 0x68, 0x85, 0x75, 0x70, 0xff, 0x01, 0x56, 0x30, 0x82, 0x82, 0xd6,
    0x10, 0x6c, 0xf1, 0x74, 0xa0, 0x82, 0x02, 0x56, 0x10, 0x83, 0x82, 0x96,
    0x58, 0x07, 0xfc, 0x1f, 0x60, 0x05, 0x28, 0x28, 0x68, 0x0d, 0xc1, 0x9e,
    0x01, 0x94, 0xe1, 0x70, 0x10, 0xc8, 0xe7, 0x06, 0xa0, 0x0c, 0x87, 0x83,
    0x40, 0x3e, 0x55, 0xd6, 0x01, 0x0d, 0x0a, 0x58, 0x6e, 0x1d, 0x8c, 0xa0,
    0x80, 0xb5, 0xd6, 0x01, 0x09, 0x0a, 0x58, 0x03, 0x0f, 0x0a, 0x6a, 0x43,
    0x1a, 0x0a, 0x37, 0x28, 0x21, 0xd8, 0x5a, 0xeb, 0x00, 0x07, 0x05, 0xb4,
    0x82, 0x0d, 0x85, 0x1b, 0x94, 0x10, 0xec, 0x11, 0x40, 0x59, 0x19, 0x07,
    0x81, 0x7c, 0x6e, 0x00, 0xca, 0xca, 0x38, 0x08, 0xe4, 0x53, 0xa7, 0x1c,
    0x98, 0xa1, 0xa0, 0x17, 0x00, 0x55, 0xa9, 0x1c, 0x90, 0xa1, 0x80, 0x15,
    0xa4, 0xa1, 0xa0, 0x17, 0x00, 0x55, 0xac, 0x1c, 0xd8, 0xa1, 0x80, 0x15,
    0xb0, 0xa1, 0xa0, 0x17, 0x00, 0x55, 0xaf, 0x1c, 0xa4, 0xa1, 0x80, 0x15,
    0xbc, 0xa1, 0xa0, 0x17, 0x00, 0x55, 0x6f, 0x1c, 0xb8, 0x7f, 0xb0, 0x23,
    0x06, 0x08, 0x00, 0x82, 0x60, 0xf0, 0x99, 0xa2, 0x10, 0x87, 0x02, 0xee,
    0x07, 0x01, 0x1c, 0x0a, 0xa3, 0x09, 0x01, 0x30, 0x9a, 0x20, 0x04, 0xa3,
    0x09, 0x83, 0x30, 0x9a, 0x40, 0x0c, 0x47, 0x00, 0x7b, 0x04, 0xb0, 0x47,
    0x00, 0x7b, 0x04, 0xb0, 0x56, 0x06, 0x94, 0x7c, 0xcc, 0x0c, 0x24, 0xf9,
    0xd8, 0x19, 0x40, 0xf2, 0x31, 0x34, 0x70, 0xe4, 0x63, 0xc4, 0x19, 0xc4,
    0xc7, 0x08, 0x34, 0x88, 0x8f, 0x11, 0x69, 0x10, 0x1f, 0x23, 0xd4, 0x20,
    0x3e, 0x23, 0x06, 0x0d, 0x00, 0x82, 0x60, 0x30, 0xe9, 0xa2, 0x00, 0x8a,
    0x02, 0x31, 0x08, 0x01, 0xb3, 0x28, 0x89, 0xe9, 0x41, 0x00, 0x9f, 0x12,
    0xe7, 0xa0, 0x14, 0x05, 0xbd, 0x00, 0xa8, 0x22, 0xe7, 0x60, 0x14, 0x05,
    0xac, 0x00, 0x15, 0x05, 0xbd, 0x00, 0xa8, 0x3a, 0xe7, 0xa0, 0x16, 0x05,
    0xac, 0x60, 0x15, 0x05, 0xbd, 0x00, 0xa8, 0x52, 0xe7, 0x00, 0x15, 0x05,
    0xac, 0xc0, 0x15, 0x05, 0xbd, 0x00, 0xa8, 0x72, 0xe5, 0x80, 0x05, 0x85,
    0x1d, 0x31, 0x40, 0x00, 0x10, 0x04, 0x83, 0xaf, 0x1c, 0x05, 0x58, 0x14,
    0xee, 0x3f, 0x08, 0x5e, 0x51, 0x18, 0x4d, 0x08, 0x80, 0xd1, 0x04, 0x21,
    0x18, 0x4d, 0x18, 0x84, 0xd1, 0x04, 0x62, 0x38, 0x02, 0xd8, 0x23, 0x80,
    0x3d, 0x02, 0xd8, 0x23, 0x80, 0x35, 0x52, 0xa0, 0xe4, 0x63, 0xa5, 0x20,
    0xc9, 0xc7, 0x4c, 0x01, 0x92, 0x8f, 0x9d, 0x82, 0x23, 0x1f, 0x23, 0x4c,
    0x21, 0x3e, 0x46, 0x9c, 0x42, 0x7c, 0x8c, 0x40, 0x85, 0xf8, 0x18, 0x91,
    0x0a, 0xf1, 0x19, 0x31, 0x68, 0x00, 0x10, 0x04, 0x83, 0x29, 0x1f, 0x85,
    0x5f, 0x14, 0x88, 0x41, 0x08, 0x98, 0x45, 0x49, 0xec, 0x0b, 0xe0, 0x53,
    0xfd, 0x1c, 0x90, 0xa3, 0xa0, 0x17, 0x00, 0x55, 0xff, 0x1c, 0x88, 0xa3,
    0x80, 0x15, 0x9c, 0xa3, 0xa0, 0x17, 0x00, 0x55, 0x22, 0x1d, 0xd0, 0xa3,
    0x80, 0x15, 0xa8, 0xa3, 0xa0, 0x17, 0x00, 0x55, 0x25, 0x1d, 0x9c, 0xa3,
    0x80, 0x15, 0xb4, 0xa3, 0xa0, 0x17, 0x00, 0x55, 0xed, 0x1c, 0xa8, 0xa1,
    0xb0, 0x23, 0x06, 0x08, 0x00, 0x82, 0x60, 0xf0, 0x91, 0xa4, 0xf0, 0x8e,
    0x82, 0x0d, 0x0a, 0x81, 0x3b, 0x0a, 0xa3, 0x09, 0x01, 0x30, 0x9a, 0x20,
    0x04, 0xa3, 0x09, 0x83, 0x30, 0x9a, 0x40, 0x0c, 0x47, 0x00, 0x7b, 0x04,
    0xb0, 0x47, 0x00, 0x7b, 0x04, 0xb0, 0x36, 0x0e, 0x94, 0x7c, 0x8c, 0x1c,
    0x24, 0xf9, 0x58, 0x39, 0x40, 0xf2, 0x31, 0x73, 0x70, 0xe4, 0x63, 0x44,
    0x39, 0xc4, 0xc7, 0x08, 0x73, 0x88, 0x8f, 0x11, 0xe7, 0x10, 0x1f, 0x23,
    0xd0, 0x21, 0x3e, 0x23, 0x06, 0x0d, 0x00, 0x82, 0x60, 0x30, 0xe1, 0xa4,
    0xe0, 0x8f, 0x02, 0x31, 0x08, 0x01, 0xb3, 0x28, 0x89, 0x7d, 0x01, 0x7c,
    0x0a, 0xa7, 0x83, 0x91, 0x14, 0xf4, 0x02, 0xa0, 0x4a, 0xa7, 0x83, 0x90,
    0x14, 0xb0, 0x02, 0x93, 0x14, 0xf4, 0x02, 0xa0, 0xaa, 0xa7, 0x83, 0x99,
    0x14, 0xb0, 0x82, 0x94, 0x14, 0xf4, 0x02, 0xa0, 0x0a, 0xac, 0x03, 0x93,
    0x14, 0xb0, 0x02, 0x96, 0x14, 0xf4, 0x02, 0xa0, 0x8a, 0xa5, 0x03, 0x54,
    0x14, 0x76, 0xc4, 0x00, 0x01, 0x40, 0x10, 0x0c, 0xbe, 0xb1, 0x14, 0x5c,
    0x52, 0xa8, 0x43, 0x21, 0x68, 0x49, 0x61, 0x34, 0x21, 0x00, 0x46, 0x13,
    0x84, 0x60, 0x34, 0x61, 0x10, 0x46, 0x13, 0x88, 0xe1, 0x08, 0x60, 0x8f,
    0x00, 0xf6, 0x08, 0x60, 0x8f, 0x00, 0xd6, 0x44, 0x82, 0x92, 0x8f, 0x8d,
    0x84, 0x24, 0x1f, 0x23, 0x09, 0x48, 0x3e, 0x56, 0x12, 0x8e, 0x7c, 0x8c,
    0x20, 0x89, 0xf8, 0x18, 0x51, 0x12, 0xf1, 0x31, 0xc2, 0x24, 0xe2, 0x63,
    0xc4, 0x49, 0xc4, 0x67, 0xc4, 0xa0, 0x01, 0x40, 0x10, 0x0c, 0xa6, 0xbb,
    0x14, 0x7a, 0x52, 0x20, 0x06, 0x21, 0x60, 0x16, 0x25, 0xb1, 0x2f, 0x80,
    0x4f, 0xc9, 0x75, 0x20, 0x96, 0x82, 0x5e, 0x00, 0x54, 0xd1, 0x75, 0x00,
    0x96, 0x02, 0x56, 0x50, 0x96, 0x82, 0x5e, 0x00, 0x54, 0xdd, 0x75, 0x20,
    0x97, 0x02, 0x56, 0x80, 0x96, 0x82, 0x5e, 0x00, 0x54, 0xe9, 0x75, 0x50,
    0x96, 0x02, 0x56, 0xb0, 0x96, 0x82, 0x5e, 0x00, 0x54, 0xad, 0x75, 0x60,
    0x8e, 0xc2, 0x8e, 0x18, 0x20, 0x00, 0x08, 0x82, 0xc1, 0x27, 0x9a, 0x42,
    0x5b, 0x0a, 0xb4, 0x28, 0x04, 0x6c, 0x29, 0x8c, 0x26, 0x04, 0xc0, 0x68,
    0x82, 0x10, 0x8c, 0x26, 0x0c, 0xc2, 0x68, 0x02, 0x31, 0x1c, 0x01, 0xec,
    0x11, 0xc0, 0x1e, 0x01, 0xec, 0x11, 0xc0, 0x5a, 0x58, 0x50, 0xf2, 0x31,
    0xb1, 0x90, 0xe4, 0x63, 0x63, 0x01, 0xc9, 0xc7, 0xc8, 0xc2, 0x91, 0x8f,
    0x11, 0x63, 0x11, 0x1f, 0x23, 0xc8, 0x22, 0x3e, 0x46, 0x94, 0x45, 0x7c,
    0x8c, 0x30, 0x8b, 0xf8, 0x8c, 0x18, 0x34, 0x00, 0x08, 0x82, 0xc1, 0x64,
    0x9b, 0x02, 0x5f, 0x0a, 0xc4, 0x20, 0x04, 0xcc, 0xa2, 0x24, 0xf6, 0x05,
    0xf0, 0xa9, 0xd6, 0x0e, 0x42, 0x53, 0xd0, 0x0b, 0x80, 0xaa, 0xd7, 0x0e,
    0xfe, 0x52, 0xc0, 0x0a, 0x48, 0x53, 0xd0, 0x0b, 0x80, 0x2a, 0xd9, 0x0e,
    0x62, 0x53, 0xc0, 0x0a, 0x4e, 0x53, 0xd0, 0x0b, 0x80, 0xaa, 0xda, 0x0e,
    0x48, 0x53, 0xc0, 0x0a, 0x54, 0x53, 0xd0, 0x0b, 0x80, 0x2a, 0xd5, 0x0e,
    0x48, 0x52, 0xd8, 0x11, 0x03, 0x04, 0x00, 0x41, 0x30, 0xf8, 0xc2, 0x53,
    0x60, 0x4d, 0x61, 0x1e, 0x85, 0x60, 0x35, 0x85, 0xd1, 0x84, 0x00, 0x18,
    0x4d, 0x10, 0x82, 0xd1, 0x84, 0x41, 0x18, 0x4d, 0x20, 0x86, 0x23, 0x80,
    0x3d, 0x02, 0xd8, 0x23, 0x80, 0x3d, 0x02, 0x58, 0x03, 0x0d, 0x4a, 0x3e,
    0x16, 0x1a, 0x92, 0x7c, 0x4c, 0x34, 0x20, 0xf9, 0xd8, 0x68, 0x38, 0xf2,
    0x31, 0x42, 0x34, 0xe2, 0x63, 0xc4, 0x68, 0xc4, 0xc7, 0x08, 0xd2, 0x88,
    0x8f, 0x11, 0xa5, 0x11, 0x9f, 0x11, 0x83, 0x06, 0x00, 0x41, 0x30, 0x98,
    0xea, 0x53, 0xd8, 0x4d, 0x81, 0x18, 0x84, 0x80, 0x59, 0x94, 0xc4, 0xbe,
    0x00, 0x3e, 0x85, 0xde, 0x01, 0x78, 0x0a, 0x7a, 0x01, 0x50, 0xa5, 0xde,
    0x81, 0x6f, 0x0a, 0x58, 0xc1, 0x78, 0x0a, 0x7a, 0x01, 0x50, 0xd5, 0xde,
    0x01, 0x7c, 0x0a, 0x58, 0x81, 0x79, 0x0a, 0x7a, 0x01, 0x50, 0x05, 0xdf,
    0xc1, 0x78, 0x0a, 0x58, 0x41, 0x7a, 0x0a, 0x7a, 0x01, 0x50, 0x95, 0xde,
    0x81, 0x58, 0x0a, 0x3b, 0x62, 0x80, 0x00, 0x20, 0x08, 0x06, 0x1f, 0x88,
    0x0a, 0xeb, 0x29, 0xc8, 0xa4, 0x10, 0xa8, 0xa7, 0x30, 0x9a, 0x10, 0x00,
    0xa3, 0x09, 0x42, 0x30, 0x9a, 0x30, 0x08, 0xa3, 0x09, 0xc4, 0x70, 0x04,
    0xb0, 0x47, 0x00, 0x7b, 0x04, 0xb0, 0x47, 0x00, 0x6b, 0xbf, 0x41, 0xc9,
    0xc7, 0xc0, 0x43, 0x92, 0x8f, 0x85, 0x07, 0x24, 0x1f, 0x13, 0x0f, 0x47,
    0x3e, 0x46, 0x84, 0x47, 0x7c, 0x8c, 0x10, 0x8f, 0xf8, 0x18, 0x31, 0x1e,
    0xf1, 0x31, 0x82, 0x3c, 0xe2, 0x33, 0x62, 0xd0, 0x00, 0x20, 0x08, 0x06,
    0x13, 0x8d, 0x0a, 0xfa, 0x29, 0x10, 0x83, 0x10, 0x30, 0x8b, 0x92, 0xd8,
    0x17, 0xc0, 0xa7, 0x46, 0x3c, 0xf8, 0x4f, 0x41, 0x2f, 0x00, 0xaa, 0x4a,
    0x3c, 0xe8, 0x4f, 0x01, 0x2b, 0x10, 0x51, 0x41, 0x2f, 0x00, 0xaa, 0x50,
    0x3c, 0x78, 0x51, 0x01, 0x2b, 0x28, 0x51, 0x41, 0x2f, 0x00, 0xaa, 0x56,
    0x3c, 0x10, 0x51, 0x01, 0x2b, 0x40, 0x51, 0x41, 0x2f, 0x00, 0xaa, 0x50,
    0x3c, 0x00, 0x4d, 0x61, 0x47, 0x0c, 0x10, 0x00, 0x04, 0xc1, 0xe0, 0xfb,
    0x51, 0x41, 0x45, 0x85, 0xb8, 0x14, 0x82, 0x14, 0x15, 0x46, 0x13, 0x02,
    0x60, 0x34, 0x41, 0x08, 0x46, 0x13, 0x06, 0x61, 0x34, 0x81, 0x18, 0x8e,
    0x00, 0xf6, 0x08, 0x60, 0x8f, 0x00, 0xf6, 0x08, 0x60, 0xcd, 0x3f, 0x28,
    0xf9, 0x98, 0xf4, 0x1f, 0xf2, 0x31, 0x08, 0x44, 0xe4, 0x63, 0x4e, 0x88,
    0xc8, 0xc7, 0x08, 0x10, 0x89, 0x8f, 0x11, 0x21, 0x12, 0x1f, 0x23, 0x44,
    0x24, 0x3e, 0x46, 0x8c, 0x48, 0x7c, 0x46, 0x0c, 0x1a, 0x00, 0x04, 0xc1,
    0x60, 0x9a, 0x53, 0x21, 0x47, 0x05, 0x62, 0x10, 0x02, 0x66, 0x51, 0x12,
    0xfb, 0x02, 0xf8, 0xd4, 0x9f, 0x07, 0x6a, 0x2a, 0x60, 0x05, 0x3f, 0x2a,
    0xe8, 0x05, 0x40, 0x95, 0xa8, 0x07, 0x6e, 0x2a, 0x60, 0x05, 0x62, 0x2a,
    0xe8, 0x05, 0x40, 0x55, 0xa9, 0x07, 0x3e, 0x2a, 0x60, 0x05, 0x65, 0x2a,
    0xe8, 0x05, 0x40, 0x15, 0xaa, 0x07, 0x60, 0x2a, 0xe0, 0x05, 0x40, 0xd5,
    0x99, 0x07, 0xbe, 0x29, 0xec, 0x88, 0x01, 0x02, 0x80, 0x20, 0x18, 0x7c,
    0x7e, 0x2a, 0xa4, 0xa9, 0x00, 0x9b, 0x42, 0x80, 0xa6, 0xc2, 0x68, 0x42,
    0x00, 0x8c, 0x26, 0x08, 0xc1, 0x68, 0xc2, 0x20, 0x8c, 0x26, 0x10, 0xc3,
    0x11, 0xc0, 0x1e, 0x01, 0xec, 0x11, 0xc0, 0x1e, 0x01, 0xac, 0xc1, 0xc8,
    0x24, 0x1f, 0x8b, 0x91, 0x48, 0x3e, 0x26, 0x23, 0x8f, 0x7c, 0x6c, 0x46,
    0x1c, 0xf9, 0x18, 0x21, 0x23, 0xf1, 0x31, 0x62, 0x46, 0xe2, 0x63, 0x04,
    0x8d, 0xc4, 0xc7, 0x88, 0x1a, 0x89, 0xcf, 0x88, 0x41, 0x03, 0x80, 0x20,
    0x18, 0x4c, 0xb2, 0x2a, 0xe0, 0xa9, 0x40, 0x0c, 0x42, 0xc0, 0x2c, 0x4a,
    0x62, 0x5f, 0x00, 0x9f, 0xd2, 0xf5, 0x20, 0x55, 0x05, 0xac, 0xc0, 0x4f,
    0x05, 0xbd, 0x00, 0xa8, 0xea, 0xf5, 0xa0, 0x55, 0x05, 0xac, 0x20, 0x54,
    0x05, 0xbd, 0x00, 0xa8, 0x02, 0xf7, 0xa0, 0x4f, 0x05, 0xac, 0x80, 0x54,
    0x05, 0xbd, 0x00, 0xa8, 0x1a, 0xf7, 0xe0, 0x4f, 0x05, 0xbc, 0x00, 0xa8,
    0x32, 0xf5, 0x80, 0x3f, 0x85, 0x1d, 0x31, 0x40, 0x00, 0x10, 0x04, 0x83,
    0xaf, 0x57, 0x05, 0x54, 0x15, 0xde, 0x53, 0x08, 0x4e, 0x55, 0x18, 0x4d,
    0x08, 0x80, 0xd1, 0x04, 0x21, 0x18, 0x4d, 0x18, 0x84, 0xd1, 0x04, 0x62,
    0x38, 0x02, 0xd8, 0x23, 0x80, 0x3d, 0x02, 0xd8, 0x23, 0x80, 0xb5, 0x37,
    0x99, 0xe4, 0x63, 0x70, 0x12, 0xc9, 0xc7, 0xe2, 0xe4, 0x91, 0x8f, 0xc9,
    0x89, 0x23, 0x1f, 0x23, 0xe2, 0x24, 0x3e, 0x46, 0xc8, 0x49, 0x7c, 0x8c,
    0x98, 0x93, 0xf8, 0x18, 0x41, 0x27, 0xf1, 0x19, 0x31, 0x68, 0x00, 0x10,
    0x04, 0x83, 0x29, 0x5e, 0x85, 0x5b, 0x15, 0x88, 0x41, 0x08, 0x98, 0x45,
    0x49, 0xec, 0x0b, 0xe0, 0x53, 0xf5, 0x1e, 0xa0, 0xab, 0x80, 0x15, 0xf4,
    0xaa, 0xa0, 0x17, 0x00, 0x55, 0xf8, 0x1e, 0xb0, 0xab, 0x80, 0x15, 0x80,
    0xab, 0xa0, 0x17, 0x00, 0x55, 0xfb, 0x1e, 0xf0, 0xaa, 0x80, 0x15, 0x8c,
    0xab, 0xa0, 0x17, 0x00, 0x55, 0xfe, 0x1e, 0xf8, 0xaa, 0x80, 0x17, 0x00,
    0x55, 0xe5, 0x1e, 0xe8, 0xa8, 0xb0, 0x23, 0x06, 0x08, 0x00, 0x82, 0x60,
    0xf0, 0xf1, 0xab, 0x70, 0xae, 0x82, 0x8b, 0x0a, 0x81, 0xb9, 0x0a, 0xa3,
    0x09, 0x01, 0x30, 0x9a, 0x20, 0x04, 0xa3, 0x09, 0x83, 0x30, 0x9a, 0x40,
    0x0c, 0x47, 0x00, 0x7b, 0x04, 0xb0, 0x47, 0x00, 0x7b, 0x04, 0xb0, 0xe6,
    0x2a, 0x93, 0x7c, 0xec, 0x55, 0x22, 0xf9, 0x18, 0xac, 0x3c, 0xf2, 0xb1,
    0x58, 0x71, 0xe4, 0x63, 0x04, 0xac, 0xc4, 0xc7, 0x88, 0x58, 0x89, 0x8f,
    0x11, 0xb2, 0x12, 0x1f, 0x23, 0x66, 0x25, 0x3e, 0x23, 0x06, 0x0d, 0x00,
    0x82, 0x60, 0x30, 0xc1, 0xac, 0x60, 0xaf, 0x02, 0x31, 0x08, 0x01, 0xb3,
    0x28, 0x89, 0x7d, 0x01, 0x7c, 0x0a, 0xe6, 0x83, 0x93, 0x15, 0xb0, 0x02,
    0x7e, 0x15, 0xf4, 0x02, 0xa0, 0x6a, 0xe6, 0x83, 0x95, 0x15, 0xb0, 0x82,
    0x7f, 0x15, 0xf4, 0x02, 0xa0, 0xca, 0xe6, 0x83, 0x7d, 0x15, 0xb0, 0x02,
    0x91, 0x15, 0xf4, 0x02, 0xa0, 0x2a, 0xe7, 0x83, 0x7e, 0x15, 0xf0, 0x02,
    0xa0, 0x8a, 0xe4, 0x03, 0x3c, 0x15, 0x76, 0xc4, 0x00, 0x01, 0x40, 0x10,
    0x0c, 0xbe, 0x9d, 0x15, 0x4c, 0x56, 0x68, 0x53, 0x21, 0x28, 0x59, 0x61,
    0x34, 0x21, 0x00, 0x46, 0x13, 0x84, 0x60, 0x34, 0x61, 0x10, 0x46, 0x13,
    0x88, 0xe1, 0x08, 0x60, 0x8f, 0x00, 0xf6, 0x08, 0x60, 0x8f, 0x00, 0xd6,
    0xda, 0x65, 0x92, 0x8f, 0xb9, 0x4b, 0x24, 0x1f, 0x7b, 0x97, 0x47, 0x3e,
    0x06, 0x2f, 0x8e, 0x7c, 0x8c, 0x78, 0x97, 0xf8, 0x18, 0x01, 0x2f, 0xf1,
    0x31, 0x22, 0x5e, 0xe2, 0x63, 0x84, 0xbc, 0xc4, 0x67, 0xc4, 0xa0, 0x01,
    0x40, 0x10, 0x0c, 0xa6, 0xb7, 0x15, 0x6a, 0x56, 0x20, 0x06, 0x21, 0x60,
    0x16, 0x25, 0xb1, 0x2f, 0x80, 0x4f, 0xa9, 0x7d, 0x60, 0xb6, 0x02, 0x56,
    0xb0, 0xb3, 0x82, 0x5e, 0x00, 0x54, 0xb5, 0x7d, 0xa0, 0xb6, 0x02, 0x56,
    0xe0, 0xb3, 0x82, 0x5e, 0x00, 0x54, 0xc1, 0x7d, 0xa0, 0xb3, 0x02, 0x56,
    0x10, 0xb6, 0x82, 0x5e, 0x00, 0x54, 0xcd, 0x7d, 0xc0, 0xb3, 0x02, 0x5e,
    0x00, 0x54, 0x8d, 0x7d, 0x60, 0xab, 0xc2, 0x8e, 0x18, 0x20, 0x00, 0x08,
    0x82, 0xc1, 0xa7, 0xb7, 0x42, 0xd9, 0x0a, 0xac, 0x2a, 0x04, 0x64, 0x2b,
    0x8c, 0x26, 0x04, 0xc0, 0x68, 0x82, 0x10, 0x8c, 0x26, 0x0c, 0xc2, 0x68,
    0x02, 0x31, 0x1c, 0x01, 0xec, 0x11, 0xc0, 0x1e, 0x01, 0xec, 0x11, 0xc0,
    0x1a, 0xcb, 0x4c, 0xf2, 0xb1, 0x96, 0x89, 0xe4, 0x63, 0x2e, 0xf3, 0xc8,
    0xc7, 0x5e, 0xc6, 0x91, 0x8f, 0x11, 0x2e, 0x13, 0x1f, 0x23, 0x5e, 0x26,
    0x3e, 0x46, 0xc0, 0x4c, 0x7c, 0x8c, 0x88, 0x99, 0xf8, 0x8c, 0x18, 0x34,
    0x00, 0x08, 0x82, 0xc1, 0xe4, 0xba, 0x02, 0xdd, 0x0a, 0xc4, 0x20, 0x04,
    0xcc, 0xa2, 0x24, 0xf6, 0x05, 0xf0, 0xa9, 0xd2, 0x0f, 0x4a, 0x57, 0xc0,
    0x0a, 0xf4, 0x56, 0xd0, 0x0b, 0x80, 0x2a, 0xd4, 0x0f, 0x52, 0x57, 0xc0,
    0x0a, 0xfa, 0x56, 0xd0, 0x0b, 0x80, 0xaa, 0xd5, 0x0f, 0xf2, 0x56, 0xc0,
    0x0a, 0x40, 0x57, 0xd0, 0x0b, 0x80, 0x2a, 0xd7, 0x0f, 0xf6, 0x56, 0xc0,
    0x0b, 0x80, 0x2a, 0xd1, 0x0f, 0xe8, 0x55, 0xd8, 0x11, 0x03, 0x04, 0x00,
    0x41, 0x30, 0xf8, 0x72, 0x57, 0x20, 0x5d, 0x61, 0x5d, 0x85, 0x60, 0x74,
    0x85, 0xd1, 0x84, 0x00, 0x18, 0x4d, 0x10, 0x82, 0xd1, 0x84, 0x41, 0x18,
    0x4d, 0x20, 0x86, 0x23, 0x80, 0x3d, 0x02, 0xd8, 0x23, 0x80, 0x3d, 0x02,
    0x58, 0x5b, 0x9b, 0x49, 0x3e, 0xc6, 0x36, 0x91, 0x7c, 0xac, 0x6d, 0x1e,
    0xf9, 0x98, 0xdb, 0x38, 0xf2, 0x31, 0xa2, 0x6d, 0xe2, 0x63, 0x84, 0xdb,
    0xc4, 0xc7, 0x88, 0xb7, 0x89, 0x8f, 0x11, 0x70, 0x13, 0x9f, 0x11, 0x83,
    0x06, 0x00, 0x41, 0x30, 0x98, 0xda, 0x57, 0x98, 0x5d, 0x81, 0x18, 0x84,
    0x80, 0x59, 0x94, 0xc4, 0xbe, 0x00, 0x3e, 0x05, 0xfe, 0x01, 0xf9, 0x0a,
    0x58, 0x41, 0xee, 0x0a, 0x7a, 0x01, 0x50, 0x35, 0xfe, 0x01, 0xfa, 0x0a,
    0x58, 0x01, 0xef, 0x0a, 0x7a, 0x01, 0x50, 0x65, 0xfe, 0x01, 0xee, 0x0a,
    0x58, 0xc1, 0xef, 0x0a, 0x7a, 0x01, 0x50, 0x95, 0xfe, 0x81, 0xee, 0x0a,
    0x78, 0x01, 0x50, 0x15, 0xfe, 0x81, 0xcc, 0x0a, 0x3b, 0x62, 0x80, 0x00,
    0x20, 0x08, 0x06, 0x1f, 0xfe, 0x0a, 0xe3, 0x2b, 0xa8, 0xac, 0x10, 0x88,
    0xaf, 0x30, 0x9a, 0x10, 0x00, 0xa3, 0x09, 0x42, 0x30, 0x9a, 0x30, 0x08,
    0xa3, 0x09, 0xc4, 0x70, 0x04, 0xb0, 0x47, 0x00, 0x7b, 0x04, 0xb0, 0x47,
    0x00, 0x6b, 0xaa, 0x33, 0xc9, 0xc7, 0x56, 0x27, 0x92, 0x8f, 0xb1, 0xce,
    0x23, 0x1f, 0x6b, 0x1d, 0x47, 0x3e, 0x46, 0xb0, 0x4e, 0x7c, 0x8c, 0x68,
    0x9d, 0xf8, 0x18, 0xe1, 0x3a, 0xf1, 0x31, 0xe2, 0x75, 0xe2, 0x33, 0x62,
    0xd0, 0x00, 0x20, 0x08, 0x06, 0x13, 0x0b, 0x0b, 0xf2, 0x2b, 0x10, 0x83,
    0x10, 0x30, 0x8b, 0x92, 0xd8, 0x17, 0xc0, 0xa7, 0xf6, 0x3f, 0x18, 0x61,
    0x01, 0x2b, 0xc0, 0x5f, 0x41, 0x2f, 0x00, 0xaa, 0xfc, 0x3f, 0x38, 0x61,
    0x01, 0x2b, 0xd8, 0x5f, 0x41, 0x2f, 0x00, 0xaa, 0x42, 0x50, 0xb8, 0x5f,
    0x01, 0x2b, 0xf0, 0x5f, 0x41, 0x2f, 0x00, 0xaa, 0x48, 0x50, 0xc8, 0x5f,
    0x01, 0x2f, 0x00, 0xaa, 0x40, 0x50, 0x80, 0x5b, 0x61, 0x47, 0x0c, 0x10,
    0x00, 0x04, 0xc1, 0xe0, 0xbb, 0x61, 0x41, 0x84, 0x85, 0xb4, 0x15, 0x82,
    0x10, 0x16, 0x46, 0x13, 0x02, 0x60, 0x34, 0x41, 0x08, 0x46, 0x13, 0x06,
    0x61, 0x34, 0x81, 0x18, 0x8e, 0x00, 0xf6, 0x08, 0x60, 0x8f, 0x00, 0xf6,
    0x08, 0x60, 0x6d, 0x4a, 0x1f, 0xf9, 0x58, 0xa4, 0x3e, 0xf2, 0xb1, 0x67,
    0x7d, 0xe4, 0x63, 0xec, 0xe3, 0xc8, 0xc7, 0x88, 0xf5, 0x89, 0x8f, 0x11,
    0xec, 0x13, 0x1f, 0x23, 0xda, 0x27, 0x3e, 0x46, 0xb8, 0x4f, 0x7c, 0x46,
    0x0c, 0x1a, 0x00, 0x04, 0xc1, 0x60, 0x5a, 0x63, 0x21, 0x86, 0x05, 0x62,
    0x10, 0x02, 0x66, 0x51, 0x12, 0xfb, 0x02, 0xf8, 0xcc, 0x12, 0xa4, 0xc1,
    0x40, 0x05, 0x40, 0xee, 0xc4, 0x19, 0x08, 0x68, 0x30, 0x62, 0x60, 0x00,
    0x20, 0x08, 0x06, 0x0f, 0x1c, 0x0b, 0x2d, 0x2c, 0x9c, 0xb1, 0x50, 0x72,
    0x2b, 0x84, 0xb1, 0x00, 0x23, 0x06, 0x07, 0x00, 0x82, 0x60, 0x90, 0xb9,
    0xb1, 0x90, 0xc2, 0x02, 0xdf, 0x0a, 0x69, 0x2c, 0x8c, 0x26, 0x04, 0xc2,
    0x70, 0xc3, 0x10, 0x90, 0xc1, 0x2c, 0xc3, 0xa0, 0x06, 0xc1, 0x2c, 0xc1,
    0x1a, 0x0c, 0x54, 0x00, 0x2c, 0x4f, 0x04, 0x8a, 0x1a, 0xac, 0x60, 0xd8,
    0x63, 0xa1, 0x8d, 0x85, 0xbf, 0x15, 0x86, 0x0d, 0x88, 0x40, 0x18, 0x80,
    0x11, 0x03, 0x03, 0x00, 0x41, 0x30, 0x78, 0xec, 0x58, 0x98, 0x61, 0xa1,
    0x8d, 0x85, 0xe1, 0x06, 0xd0, 0x15, 0xd0, 0x58, 0x20, 0x83, 0x59, 0x06,
    0x36, 0x68, 0x83, 0xa0, 0x42, 0x57, 0x48, 0x63, 0x01, 0x56, 0x30, 0xf8,
    0xb1, 0x00, 0xc7, 0x42, 0x40, 0x01, 0x30, 0xa8, 0x00, 0x86, 0x05, 0x02,
    0x7c, 0x86, 0x0d, 0x88, 0x23, 0x18, 0x80, 0x59, 0x82, 0x36, 0x18, 0x31,
    0x30, 0x00, 0x10, 0x04, 0x83, 0x87, 0x8f, 0x85, 0x1c, 0x16, 0xe6, 0x58,
    0x18, 0x6e, 0x30, 0x5d, 0xe1, 0x87, 0x05, 0x32, 0x98, 0x65, 0x70, 0x83,
    0x37, 0x08, 0xea, 0x74, 0x05, 0x30, 0x16, 0x60, 0x05, 0x03, 0x29, 0x0b,
    0x76, 0x2c, 0x04, 0x14, 0x00, 0x83, 0x16, 0x60, 0x58, 0x20, 0xc0, 0x67,
    0xd8, 0x80, 0x68, 0x82, 0x01, 0x98, 0x25, 0x78, 0x83, 0x11, 0x03, 0x03,
    0x00, 0x41, 0x30, 0x78, 0x44, 0x59, 0xf8, 0x61, 0x21, 0x8f, 0x85, 0xe1,
    0x06, 0xd6, 0x15, 0xea, 0x58, 0x20, 0x83, 0x59, 0x06, 0x38, 0x88, 0x83,
    0xa0, 0x5a, 0x57, 0xb0, 0x63, 0x01, 0x56, 0x30, 0xa8, 0xb2, 0xc0, 0xc7,
    0x42, 0x40, 0x01, 0x30, 0x28, 0x02, 0x86, 0x05, 0x02, 0x7c, 0x86, 0x0d,
    0x88, 0x29, 0x18, 0x80, 0x59, 0x82, 0x38, 0x18, 0x31, 0x30, 0x00, 0x10,
    0x04, 0x83, 0x07, 0x95, 0x85, 0x32, 0x16, 0xfe, 0x58, 0x18, 0x6e, 0x90,
    0x5d, 0xe1, 0x8c, 0x05, 0x32, 0x98, 0x65, 0x90, 0x83, 0x39, 0x08, 0x6a,
    0x76, 0x05, 0x34, 0x16, 0x60, 0x05, 0x03, 0x2c, 0x0b, 0xa2, 0x2c, 0x04,
    0x14, 0x00, 0x83, 0x2e, 0x60, 0x58, 0x20, 0xc0, 0x67, 0xd8, 0x80, 0xc8,
    0x82, 0x01, 0x98, 0x25, 0x98, 0x83, 0x11, 0x03, 0x03, 0x00, 0x41, 0x30,
    0x78, 0x5c, 0x59, 0x58, 0x63, 0xa1, 0x94, 0x85, 0xe1, 0x06, 0xdc, 0x15,
    0x4c, 0x59, 0x00, 0x83, 0x59, 0x06, 0x3a, 0xa8, 0x83, 0x80, 0x7c, 0x57,
    0x00, 0x06, 0x81, 0xaf, 0x00, 0x0c, 0x0b, 0x04, 0xf8, 0x0c, 0x1b, 0x10,
    0xe2, 0x2b, 0x04, 0x03, 0x30, 0x4b, 0x50, 0x07, 0x03, 0x15, 0x1b, 0x42,
    0x07, 0x22, 0x59, 0xcc, 0xc1, 0x88, 0x81, 0x01, 0x80, 0x20, 0x18, 0x3c,
    0xb3, 0x2c, 0xc0, 0xb1, 0xa0, 0xca, 0xc2, 0x2c, 0x83, 0x1d, 0xdc, 0x41,
    0x40, 0xe3, 0x2b, 0x00, 0x63, 0xc4, 0xa0, 0x01, 0x40, 0x10, 0x0c, 0xc2,
    0xc0, 0x95, 0x05, 0xf4, 0x15, 0xc4, 0x57, 0xe8, 0x5d, 0x81, 0x95, 0x85,
    0xa0, 0x7c, 0x85, 0xf2, 0x15, 0xca, 0x57, 0x38, 0x5f, 0x61, 0x96, 0xe0,
    0x0e, 0x30, 0x20, 0x06, 0x1c, 0x00, 0x00, 0x00, 0x5b, 0x86, 0x1a, 0x16,
    0x02, 0x35, 0xd8, 0x32, 0xec, 0xb0, 0x10, 0xa8, 0xc1, 0x96, 0x81, 0x87,
    0x85, 0x40, 0x0d, 0xb6, 0x0c, 0x3e, 0x2c, 0x04, 0x6a, 0xb0, 0x65, 0x28,
    0x63, 0x21, 0x50, 0x83, 0x2d, 0x83, 0x19, 0x0b, 0x81, 0x1a, 0x6c, 0x19,
    0xd0, 0x58, 0x08, 0xd4, 0x60, 0xcb, 0xf0, 0xc6, 0x42, 0xa0, 0x06, 0x5b,
    0x06, 0x38, 0x16, 0x02, 0x35, 0xd8, 0x32, 0xc8, 0xb1, 0x10, 0xa8, 0xc1,
    0x96, 0x21, 0x8f, 0x85, 0x40, 0x0d, 0xb6, 0x0c, 0x7a, 0x2c, 0x04, 0x6a,
    0xb0, 0x65, 0xe0, 0x63, 0x21, 0x50, 0x83, 0x2d, 0x43, 0x28, 0x0b, 0x81,
    0x1a, 0x6c, 0x19, 0x44, 0x59, 0x08, 0xd4, 0x60, 0xcb, 0x40, 0xca, 0x42,
    0xa0, 0x06, 0x5b, 0x86, 0x54, 0x16, 0x02, 0x35, 0x00, 0x00, 0x00, 0x00,
    0x00, 0x00, 0x00, 0x00, 0x00, 0x00, 0x00, 0x00,
};
static const size_t kGpugemvQ4kWave32DxilSize = 16700;
// clang-format on
